-- MySQL dump 10.13  Distrib 5.7.17, for Win64 (x86_64)
--
-- Host: localhost    Database: beverage
-- ------------------------------------------------------
-- Server version	5.7.20-log

/*!40101 SET @OLD_CHARACTER_SET_CLIENT=@@CHARACTER_SET_CLIENT */;
/*!40101 SET @OLD_CHARACTER_SET_RESULTS=@@CHARACTER_SET_RESULTS */;
/*!40101 SET @OLD_COLLATION_CONNECTION=@@COLLATION_CONNECTION */;
/*!40101 SET NAMES utf8 */;
/*!40103 SET @OLD_TIME_ZONE=@@TIME_ZONE */;
/*!40103 SET TIME_ZONE='+00:00' */;
/*!40014 SET @OLD_UNIQUE_CHECKS=@@UNIQUE_CHECKS, UNIQUE_CHECKS=0 */;
/*!40014 SET @OLD_FOREIGN_KEY_CHECKS=@@FOREIGN_KEY_CHECKS, FOREIGN_KEY_CHECKS=0 */;
/*!40101 SET @OLD_SQL_MODE=@@SQL_MODE, SQL_MODE='NO_AUTO_VALUE_ON_ZERO' */;
/*!40111 SET @OLD_SQL_NOTES=@@SQL_NOTES, SQL_NOTES=0 */;

--
-- Table structure for table `admin`
--

DROP TABLE IF EXISTS `admin`;
/*!40101 SET @saved_cs_client     = @@character_set_client */;
/*!40101 SET character_set_client = utf8 */;
CREATE TABLE `admin` (
  `uid` int(20) NOT NULL AUTO_INCREMENT,
  `firstname` varchar(200) NOT NULL,
  `lastname` varchar(200) NOT NULL,
  `phone` varchar(200) NOT NULL,
  `email` varchar(200) NOT NULL,
  `password` varchar(200) NOT NULL,
  PRIMARY KEY (`uid`)
) ENGINE=InnoDB AUTO_INCREMENT=2 DEFAULT CHARSET=latin1;
/*!40101 SET character_set_client = @saved_cs_client */;

--
-- Dumping data for table `admin`
--

LOCK TABLES `admin` WRITE;
/*!40000 ALTER TABLE `admin` DISABLE KEYS */;
INSERT INTO `admin` VALUES (1,'Admin','admin','56577','c','z');
/*!40000 ALTER TABLE `admin` ENABLE KEYS */;
UNLOCK TABLES;

--
-- Table structure for table `alert`
--

DROP TABLE IF EXISTS `alert`;
/*!40101 SET @saved_cs_client     = @@character_set_client */;
/*!40101 SET character_set_client = utf8 */;
CREATE TABLE `alert` (
  `aid` int(11) NOT NULL,
  `uid` varchar(45) DEFAULT NULL,
  `block` varchar(45) DEFAULT NULL,
  `detect_time` varchar(45) DEFAULT NULL,
  PRIMARY KEY (`aid`)
) ENGINE=InnoDB DEFAULT CHARSET=utf8;
/*!40101 SET character_set_client = @saved_cs_client */;

--
-- Dumping data for table `alert`
--

LOCK TABLES `alert` WRITE;
/*!40000 ALTER TABLE `alert` DISABLE KEYS */;
/*!40000 ALTER TABLE `alert` ENABLE KEYS */;
UNLOCK TABLES;

--
-- Table structure for table `cloud`
--

DROP TABLE IF EXISTS `cloud`;
/*!40101 SET @saved_cs_client     = @@character_set_client */;
/*!40101 SET character_set_client = utf8 */;
CREATE TABLE `cloud` (
  `id` int(11) NOT NULL AUTO_INCREMENT,
  `sid` varchar(45) DEFAULT NULL,
  `rid` varchar(45) DEFAULT NULL,
  `data` longblob,
  `filename` varchar(45) DEFAULT NULL,
  PRIMARY KEY (`id`)
) ENGINE=InnoDB AUTO_INCREMENT=4 DEFAULT CHARSET=utf8;
/*!40101 SET character_set_client = @saved_cs_client */;

--
-- Dumping data for table `cloud`
--

LOCK TABLES `cloud` WRITE;
/*!40000 ALTER TABLE `cloud` DISABLE KEYS */;
INSERT INTO `cloud` VALUES (1,'2','3','WZ6ROaPLwa6lt+QZnyaiA7jStQ4bsM3C3FcPEyxUwL6yoBQaxBPj/TL3ZGt/7mFUH5bR9wTp/3bA\r\nZp+HQc82NRzjR8nP7viG3FcPEyxUwL4ROTbyBMzGROudq0+M6rJ2bCC1sCX80lcasmIBaXpTJCXk\r\nDwuW4daaJjIbL4E59FhT0j18nFpBcMLB6Npe9mXltIOEqqX4FZ5zLfZR+hfMCvsS0h7pPmdVjuzf\r\nrmugnrA7N+3N08SEtlCSxM2YF+b+/K0JoS1igPJnUehpQf9L2nVOx4Wt5Sk8Jp+HuCz1i9W1hzmL\r\nOTahognJ54akOnwJgRZ8lKC0/bWi9kW/dOFapLO5YQ8/olpZ2L1AxxERM4Yem93i2YTsKo4mY2GB\r\ngCBp6NqYNHCDZvALm21C46xu1GmHxE/S79L6KDlSrSPHpGGEaLVa/qjo4w4MY0dG81dKFXpVGWWR\r\nBgmfVgrmptOVENQ+LbfHJmf4lUqbYAVj2DLYNH9H2HLEO7xIXKBOtenmWcav7TlM80Qtrusdibn/\r\niy6iI1M2K5Qfw1P2+tlkusml+W1X/PjIE1DQPzRv9LsaJYddgarQNgPtIkLrUqSBXEJzCuJ1PyqK\r\n7/BS4RFiAv0IrzL+Pa9IV96jlJNJuPV7P/iXsGnmMmp1eIId80I0Fxz2RQzMDo5zViiHlZfDYWP7\r\nb7c81bpvVuTn+vBwytij2wno3SzmFrZ+pU9rVPDWbWzguvfDNs1g9zM/Q3GrF7oNsOM3EfBq7bzG\r\n7wHwEzyB/pnqnS80ytEeG/VLZiarOJTwPtN28WTAUWpb2g7xL2w7d6cFiOx5AmqwJDM86vyaNR92\r\n8aCi6RuZ40bb1iTeOn1HcRWpevyT7TZe2MtBBcoeviNQ/NG/n0LbCv8neBTDl66k70ZHn2xp22ja\r\nDKnP7PfRFXiToJq7+R52+PsKR9CRMH8ikllAItYKn6UFtX/cQnMK4nU/Korv8FLhEWIC/fri6o9R\r\nYizACa85gYqeOMYIeCkHbvV/fH6VTn8nAG+SdNAV0OGFU0oTmjz3ihJd8CWc841LX7p9V/HshECh\r\nBtZ027wXIq6AaLymc3S/yixIRrG+/SebPZbFngex+wdmny6G1BpsYC1f+V0k+momdOXKonvRJpJT\r\nIQ+5K68IPTGqIHuuo7myxrBfI3pKcQinKGHtsvV0fGIcnEpfS3qDc6dJfabO/lmq6bfboB8Mp1QG\r\nCfVrqaGzcoqrEz8gWvWGIDorwOG9VUmgwr3M2fK5zjFyzDUgK0rcsXnOKaEjHXU6mMl2MO16AKUe\r\n1/vRUYB5akUCbmy5tLvJAIU/nTCQpWfm+q4Z+KVkrifW5Q4rUGMcnaE+szvwCEkS88XAgT3EMGYC\r\nBqxVBrGKuyRKr6Y8NXiq5a27KV5vJFSlwUiMxwILNrn/Pso/0YQ5NwmgoOj+RqZYphJLMofjpxYj\r\nuT6mqw7lCap2KFQ34oDRKAsJfqg5yzrhYjnZcxfYy2WNJcgh83XRQP/38jVFUSHU78fYVHI9+dwX\r\n/2RuH84xKAjdZ4uU93BaQDe8+1vAZTpxYSMIetYKn6UFtX/cQnMK4nU/Korv8FLhEWIC/Y6CvDVB\r\nWUhLIZAVUt0w1Ddn7QlIkt8ucT9H+26F32UwPpP8LJNguYOTZPXxre51P9/qaVl8JbrlMVwiogBl\r\ngMdxplP20VsXa+xQaRgFlfpapzuKMLEqyUwKUhgFYFSPGrzoPhRXOSqECRhC59jbL2Q5xJHb96+R\r\nKJD8tAwdAxO/PJ8cNEqdvBKmWKYSSzKH46cWI7k+pqsO5QmqdihUN+KA0SgLCX6oOZDLvKex/jbN\r\nX7i62xHpud4rMNOD3E5ZytRy3kWYqehqy5hxnySplp2m+YGjoNQcwCjF/4aJ2yzmKIOHpAUsPkwc\r\nX8PRnmpet5D8tAwdAxO/ClIYBWBUjxq86D4UVzkqhPemVeyN3ohal2YkA8QFvaj8kzmLwBPHjYp6\r\nPLkoAaoq7Akp9wWr8qDOxHv+9UrkNjAva7R99PsyuGUwrDNm2XxBgyQWhaYIaOxQaRgFlfpapzuK\r\nMLEqyUy7r1gmq02E7kQZQDPDZ1VfRFI/u1QmlheSxTOmSEAtzfoEZ3vhzNUC2VTZjBbwWiV5RThy\r\nwjUfpaCizfJIuav+0D9oWgPZikmMgoUWmqFOTyrEMcsspWpKs6s8eEThs7aYW7TxJbz3GwBJVQe9\r\nZwW3o+UYAkFQO/qT2LePMcrf+qlW3geBQiP3GwIqzzaoWGw14RsBLdEQcYiFHGHebS4vBpFedebS\r\npsjFAo/J9HGZLSoWfjiGIrcZ9lxr8Kr0Tbzhu9xH+Z5Q0DSfnrlgpXSof2zeQKjUwzwHxX9G1e2u\r\nfd7/dmgYE6wvheZf3J8/xRV7FFvmSTiw2zSfnrlgpXSof2zeQKjUwzwHxX9G1e2ufQfUnLPktSak\r\nheZf3J8/xRXTzudDyTREszSfnrlgpXSof2zeQKjUwzwa383cFlSqXxAQyWOh+SZCINpTmZ1gEziX\r\n/m3ZrFOZq+Y6CmBt9VGtheZf3J8/xRXRmideTKoYYvCdJNiaIKp0ZOfgTt/22CboYij1r/Vobafl\r\nMN3PJxbyh+92qysOXH2Pdj2+9pjHMN45P/Czctpag6lakzcIDczX16s5CcfU9ht8dHefHUWC2oK4\r\nAkXeo3KkYzC/R7u+6SWc841LX7p9VGImFT/petg3kZ1sPHPFmTyfHDRKnbwSgRZ8lKC0/bVrAzaO\r\n4fV1b/Bsvf9IUCJ67PPU8b3ctpTAXcylUojmPAlfoHWzFBsqV/HshEChBtZ027wXIq6AaH+GrsEN\r\nxoTevyHwHfdZXxOgE8Ej6XG32xbqNbdJrQUGAgxNVqHOw61KamkJL0tkGlEUHm1Nhrt8biuv6ndZ\r\n3hxhqZafaIoOmtKXwuzrlNEJI+dpUE7pMSpzD6B8trRH7XIGwtEBMKmJCmsDEwOtTiwi7EaTp8Gy\r\nGMmK8Gj1fg6VD1a56BiJvqUg2lOZnWATOJf+bdmsU5mrTBcDVCTKc1+gE8Ej6XG32wpSGAVgVI8a\r\nvOg+FFc5KoSu5yXnCAers8SNh4IB7GDPkBxPiUZ5t8hFDCPJCW0fUXE+QIzCa1OsFuo1t0mtBQaP\r\nLvS6SQubKftYQa0SCDTcksXE5/fkFJiUcitlOFnTIMxisU1Y91v4r8rCQur+uIXAe7sqvOqZ/Qfv\r\nHhAns2UUI+dpUE7pMSpzD6B8trRH7XIGwtEBMKmJm5qIfA1V8FQm2JfGBnWlzThMl3OWOAwZ89VT\r\nOBYReZ5qyQYz1gGXRJcjzE92pfX6C0qnck+H4Zs8EMFbhksTUD4brEvtej2eJd0m3GXkoMHpZzRQ\r\ngq9RwKebYfmxl5NZMs75kDZ/WAN5RThywjUfpTeBo4rcTaFgG2DsfeouxIhJYvcqWWrp29ZLv5Ty\r\ncSvdmpE7s00He9oRU2V3Uw3DcyNP8BAy68RgazPtdF3+IjC2wtC4b5bGoraKHqCRXQgZH4L9WT3B\r\nc4ydxyQ54gYAvs4xKAjdZ4uU93BaQDe8+1tfnONBPiUzMEtq8cU0tH17ezPnHgE21KeRpaGbAYne\r\nL8xapU9dXwiYnvBG6+WKmoBEepYUe/fvo1UwbKa7Mw3VKIOHpAUsPkzNX7e+e0fICLgmTu/FBui/\r\nS2rxxTS0fXt7M+ceATbUp9zFGxGJaUaIPBDBW4ZLE1A5NwmgoOj+RsLhjHY+H1/jw3oMUBVOnsXO\r\nbXnY8CQz/UOEIYFnwhoyNOR8WU/WKaFbMfVPNMQSr4tv6fk1BQ2RlHIrZThZ0yDMYrFNWPdb+FU7\r\naOAjPswby6K2fceBWwwpdVMCNhIQiMwZXC3rOzFjP/iXsGnmMmqAs7wj7ILmh1jkBZUTKrbpN48l\r\nBtGMGaj+27pDpWyFhi51ay+zgZM7e8lgvlfeirg+iRl103Vcvkkz+L1ahcQOGTBvFV39HxYVa8b1\r\nDghMNmbGuMXJpHECOQnD12mTPFBEv1NGMwunlIkn+wE6OwggwiLmpicVeOY2uf8+yj/RhDIWC2Ua\r\naWTIPKuuzFGjR8+FnZ0LCUYE7coBkPwbfRjjS7xAOW0wjB8+G6xL7Xo9niXdJtxl5KDB6Wc0UIKv\r\nUcCwtlGwTZsqlAAsCs+Eut4ZbYQpF1j8h7ue3Hgo8mnHW/aH1qInwMUGzMu63w4rK0DxuNo56Mxm\r\nORFm/alojvAtjclBQ1l5/TFQpQKvmPSBhAuPnYSKpY4PERp7iNpfOazWCp+lBbV/3EJzCuJ1PyqK\r\n7/BS4RFiAv2Ogrw1QVlISyGQFVLdMNQ3Z+0JSJLfLnE/R/tuhd9lMIEWfJSgtP21COSWA2tQi6vu\r\niKyqIXmooZ5TZDzZGX+mi7kA4cqjqkZzD6B8trRH7TqeJWxlKUGTLsNWZzPXiVvcrdS3+/WPaERi\r\ny0F1zYU979brmUhD03/cwOgFyM5oWFQDZe9a3oehjEJ+aQIOdX5g3/umEkeO+K3Jiv44jXoRDwiC\r\n02v/hwPzYAOUgxfFn99ZosLCpY8LB7JJbZq8akEjN48zgQAeZBu+EsP8TPslLagnCaEm2aJMMMnF\r\n2m0wbC0l2ikoQP3UtooeoJFdCBme8Ebr5YqagGoYNYlLqEgQQuGxMLsp73yUcitlOFnTIMxisU1Y\r\n91v4kv/NLy5l05K6IQKwE7uQa5tgHSK/eimDMRxZ8zEQoFTqOdUTeTFTlL0ebiFXUwB/3+ppWXwl\r\nuuUxXCKiAGWAxyt8XExc41jM79brmUhD03/cwOgFyM5oWFQDZe9a3oehjEJ+aQIOdX5g3/umEkeO\r\n+K3Jiv44jXoRDwiC02v/hwPz59zFUpa2loMMHF7hHUP93U6onkcpSlGtDRDlI3XDSpzBh+ZFYQr7\r\nKIOHpAUsPkzNX7e+e0fICJtLhEl09oX9mMiWpSBDw6NX8eyEQKEG1nTbvBciroBoIei1W54HkE5C\r\nhGIKUilDdcqdgO8i61bBGwIqzzaoWGw14RsBLdEQcYiFHGHebS4v1BiOYBWT64dljLkzkamFo8VC\r\njClB3Zkx+gYeFuvYpMdQsmx+0vNOY/LJLlUHOM/xG3x0d58dRYI5NwmgoOj+RqZYphJLMofjpxYj\r\nuT6mqw7lCap2KFQ34oDRKAsJfqg5SVQgaoFdt0YVO1YeqlMANIUrJBERBeKgtooeoJFdCBkfgv1Z\r\nPcFzjBqFYnNFzOjsuiECsBO7kGubYB0iv3opgzEcWfMxEKBU6jnVE3kxU5S9Hm4hV1MAf9/qaVl8\r\nJbrlMVwiogBlgMe+yL2qSFeGfotuCK27gY37E0nTVICdwyqLuQDhyqOqRnMPoHy2tEftcgbC0QEw\r\nqYmyVpHRpsunLdu4983BzXfZPJ8cNEqdvBKBFnyUoLT9tdDZwiaFU/IV3OW8M4LwjpLkk5DpOtqg\r\nBDlUbb315rD1DWtnmgG4lAFNRj/maPrYn+11mme6BVEna+rZdu3jMoVrM+10Xf4iMFjUq1gl98Aw\r\naGWOK98ULbZn/nG6VUtxkM7GQ4lvSLmKaGWOK98ULbaOZ9buy4YobB9uODvkj39oKIOHpAUsPkzN\r\nX7e+e0fICNkjden7nGnBjMb3AH+gZMln7QlIkt8ucWDKBwnML4Mt2DR/R9hyxDu8SFygTrXp5lnG\r\nr+05TPNEyPwmn75vCD/8uEpyHzg+fBBu3Jvd0UNyLQ6X6UHF/k6yLjiObVYKH1iTJgseDfvGl9Fa\r\nJAbZqbm8SFygTrXp5lnGr+05TPNEv/rvaO5L6UTmpZjpPordvzfCTEvOZ/Ug+V0k+momdOVnUehp\r\nQf9L2tkTAmO3mktvlLpeWLbYMFqqFHCweqV1OqOYeQvS4v+9oE5SC6gZ1xujIDdoeX7geg1Tyh/7\r\n3wnTjNbLhcPXwJurEz8gWvWGIHxQ5YCCMSSxjEZ6AU9+JLJrLaZpnlV2q1sPlOTxQi3PosoueIFF\r\nj7S7BaQSYw9bdJT918gVTPMyvWnh0axAp+qgTlILqBnXGyznWCMH5ifiv/wuECiiPCewuVRhGvxr\r\njvDGvkAr5YGSvMbvAfATPIE/cMLeS/JMVgUEYW8qmEEob3Q6OyXZhiVuEDZjMqHqBE42GenFi1xS\r\ninEZvH0RBYxUTA5mT8eTV3AUna1sO+MD29i53d1S3sRlqlqG3Fg8D8WFi176xLK77TUyGCUojHvO\r\nMSgI3WeLlPdwWkA3vPtboAwekgFApTfW4L9Q0Pu7qlClAq+Y9IGEC4+dhIqljg8Sw2S49CQ+n5Vf\r\nUbdfDSOIs9YfeUQtNZfDegxQFU6exWQ+AaHf+UGWw7g7FtTK9ZxDs+1tvyfy+Npp/O4EgirCCudY\r\nAjlE6nbZ2kypKYLXnE2w40EziYSCD1wv6TA/b8w3SUI+UYo0lgKjaLOc7DqjWi3ICkqLvEsr+ioF\r\ni5No2u1+HIcDSvYtkZl+Uwh72qHaRnBgT/f7pW7eWwNKE+ifR/ylwPSzaBLaNpoaLLg3aZfxCLQ9\r\nJhIHc3Vr+ss7AdN4KZIiZ2/zQ7fXOUG7bw6LaGWOK98ULbYubf492XtJDBGgG9besgEESx9y6UIx\r\n9GachYe4V5XXzQ/Hg8eJnKvOT77MbmFJ6PhLavHFNLR9e3/kgYerOKk0zJNINjDHHxBL17ACEKkj\r\n5Ei2hyLNEXeUVFq3Z0RCy0EmwgcV8UsJ52hljivfFC22KKNc6W/wWIuCbnVOGLsFnEvXsAIQqSPk\r\nSLaHIs0Rd5RB8sY1QmJu2UvXsAIQqSPkSLaHIs0Rd5RdYsCARwrLt84xKAjdZ4uU93BaQDe8+1s1\r\nQL2Vr2zAqUtq8cU0tH17ezPnHgE21Keogqy1XsRnIH+oIojFWjaCS9ewAhCpI+RItocizRF3lNB5\r\nxYQVHNcjtYkyhJ0K6P2MxvcAf6BkyWftCUiS3y5xYMoHCcwvgy0Qbtyb3dFDci0Ol+lBxf5Osi44\r\njm1WCh9YkyYLHg37xpfRWiQG2am5vEhcoE616eZZxq/tOUzzRL/672juS+lE5qWY6T6K3b83wkxL\r\nzmf1IHrVQCLgXn4YVTucZmuUehyy6upddDUReszMtPWSCdxEGORKOWHziDSAq/QhhhPFWeieljJ0\r\nshxE/Htkojq2Mo0qDuMKwEaC7qZYphJLMofjpxYjuT6mqw7lCap2KFQ34oDRKAsJfqg56PBewu84\r\nAycDk5z2hkJwC5Nf6tEKN/FiiOAfbCgFTjpHSPrhiVBLQSGYCkyrHmJCeoPD4+QoJdpoZY4r3xQt\r\nti5t/j3Ze0kMuG/yYSSFYQRL17ACEKkj5Ei2hyLNEXeUoKj/Sxd7yB4WExZHZdu5+tyvW3kE9ZL7\r\nlh4CCuYlhYnx334uRZ90jtdTC/5HYMcnZcnqv+omv0dDvYsALMrE7WY0RfL5H/GqClIYBWBUjxq8\r\n6D4UVzkqhA/2V/D1G+n3BW3rrDIvu1O7JY6261GdecnstKlf8MVS9xQ0+h3HrOR3c3zokEt1t3s3\r\ndsKkre5MtYc5izk2oaIJyeeGpDp8CXkaujgH8/m5LAhcjTl/zJtgRAQ7AiQkTBnuZ+rYK37eMOH6\r\nTVh/72xjXdtFX4GLqsNTB8cpo/7eWeF7Isx74+Xfm/xr+nd3lo0k/Rop3kQouflGuv2SK8FKJMCP\r\ncC28ziGYCkyrHmJCkhMsvEMq20EbAirPNqhYbDXhGwEt0RBxiIUcYd5tLi8FbeusMi+7U97ZrzRV\r\n0+Z1k4NPPhjNU4b0b3MBUUyjpSPnaVBO6TEqcw+gfLa0R+1LnuoDP5FG9/Yio9X2GvuA9VvN+vFh\r\nXMC7iZvQToj4j6zYo62I2mCGU6UUJcP8FbDAn7laaH6RytDdquQKi4ADeBOZT5Hxn3+tCzuYY8pv\r\n3rYllrVx/Ir98HbUhrTxMqawuVRhGvxrjvDGvkAr5YGSvMbvAfATPIE/cMLeS/JMVgUEYW8qmEEo\r\nb3Q6OyXZhiVuEDZjMqHqBE42GenFi1xSrpnXN7uTYclYNRPkgR8ePSxPsWg65jT7SWL3Kllq6dvA\r\nWQtJK/PyoJKgIPqEQWWyS2rxxTS0fXt7M+ceATbUp5xw09E1cn0MtTjwz4Bujzie8Ebr5YqagChA\r\nidLHAaI783Q/0OjrTBKchYe4V5XXzcBdzKVSiOY8/Xwf8jUEUHmkSbvOp3JqmfBECJMzcUt1+/KJ\r\n5KNEhW36O07fUf0uGy0Ol+lBxf5Osi44jm1WCh9YkyYLHg37xpWYocv3IDM5o+UYAkFQO/qT2LeP\r\nMcrf+qCw1aYzXai0EoaRWW9Jua8D601uaJLX1qzYo62I2mCG2tPggw3C14dQksTNmBfm/tvMENH8\r\n8aSUMvxWBSxCbU4nMs9w952v+X8KU5qQc8u2WIig6Mlx3FLLJHno2ztFAbuvWCarTYTuRBlAM8Nn\r\nVV9EUj+7VCaWF5LFM6ZIQC3N9v0TvizVfSr+39rgIZafIFdkx9+V3KaqKMX/honbLOYog4ekBSw+\r\nTGOa+DtRxdHIIJfTF76A+t7DEpIs6c3zienuMYaQh+XnMEfOl2mzRsnYNH9H2HLEO7xIXKBOtenm\r\nWcav7TlM80RCS8280eC53kOEIYFnwhoyNOR8WU/WKaFbMfVPNMQSr4tv6fk1BQ2RlHIrZThZ0yDM\r\nYrFNWPdb+FU7aOAjPswby6K2fceBWwwpdVMCNhIQiAMxq6P1wvdiceO2flfMwpof2cGvEXHbU8zM\r\n+3NSJMckrbtiDSyi55zHW39wO34JWYj1sWlgnp/woYkTZDiuDrdmSG2mfezQRFiIoOjJcdxSWGu7\r\ncMh2hjhg3/umEkeO+K3Jiv44jXoRDwiC02v/hwN2MFv1R3LQNqTqlDmYP9E6ReWRewFFxOasz2eP\r\nqxWFd/L0MOrKJ6OrUKUCr5j0gYQI6adxLIprhpD8tAwdAxO/nIWHuFeV182XjippSuOoOBvGTT5w\r\n0pNREqHHYDt99hcoU14WWQzxyrBOMzn3hB3peRq6OAfz+bksCFyNOX/Mm2BEBDsCJCRMqmsZo5D0\r\n3Kj7Py7H6ApvMCVPIqPZ1pzHIvPtsh0NHRNMUWrUOppeMaM08b08SM7mAJYgZpYVfh3O9JOOor6C\r\nQzKzUsk5Mdo1SI6u1C+LDAH8kzmLwBPHjULca4ymdMPYQEg520yPbx4W/Z98lVFzVH6VTn8nAG+S\r\ndNAV0OGFU0oTmjz3ihJd8CWc841LX7p9V/HshEChBtZ027wXIq6AaLymc3S/yixIRrG+/SebPZYw\r\nqXBYuSGzptNvKhg7VzTs2tPggw3C14dQksTNmBfm/oedeUcD90UGpZRxQn97y7JlaYAG2Zo8/Da5\r\n/z7KP9GEPhusS+16PZ4l3SbcZeSgwelnNFCCr1HAsLZRsE2bKpSkWPEyNIoqe/9YuCThZSgNTI4Z\r\njonJN0VZLPt8MruJ5f7f2uAhlp8gp8xg/EMaolWYN4i8y4juIpBrcga2nx1ILSuxFU0OVwC2ih6g\r\nkV0IGTXYei6H/Ohe96vhnzHHMNAJhpZ+v6Doy0OEIYFnwhoyNOR8WU/WKaFbMfVPNMQSr4tv6fk1\r\nBQ2RlHIrZThZ0yDMYrFNWPdb+FU7aOAjPswby6K2fceBWwwpdVMCNhIQiAMxq6P1wvdiceO2flfM\r\nwprbpgxEf7CMKM9TtmF+A/SNJzLPcPedr/l/ClOakHPLtg52Vb0c4WyIVKXBSIzHAgvk8om3ZM9F\r\ncXkaujgH8/m5LAhcjTl/zJtgRAQ7AiQkTBiySDsdpJUFRnokmSo5JHTaNpoaLLg3aUxRatQ6ml4x\r\nozTxvTxIzuYAliBmlhV+Hc70k46ivoJDjshl0PxSXfR5x6MbRp8c7qRJu86ncmqZ8EQIkzNxS3X7\r\n8onko0SFbSPnaVBO6TEqcw+gfLa0R+06niVsZSlBk0Ig94+iMZkifpVOfycAb5J00BXQ4YVTShOa\r\nPPeKEl3wJZzzjUtfun1X8eyEQKEG1nTbvBciroBovKZzdL/KLEhGsb79J5s9ljCpcFi5IbOm028q\r\nGDtXNOza0+CDDcLXh1CSxM2YF+b+G2Qcr54+eAOYxLT3ZbBOeaRSLdp2++ojRYw4t+mFg2WHEY3u\r\nkh+En8O4OxbUyvWcQ7Ptbb8n8vjaafzuBIIqwq4Wp3mos0V3utny2Jz/K4lSVjbfeffmq+jwXsLv\r\nOAMnBnA+x5aWRUmZi1AgKnNPX5kJxcC1Qlp3nKgRkC5p/xhaGluUrY07wmNd20VfgYuqftDTGTLX\r\ntqxoZY4r3xQtti5t/j3Ze0kMXWbHqzE3m1chkBVS3TDUN2ftCUiS3y5xP0f7boXfZTDLorZ9x4Fb\r\nDMyLYNFGct6J/mUS4/XByNqS6H1ImYoM5vBop2zYlLOso+UYAkFQO/qT2LePMcrf+qCw1aYzXai0\r\nEoaRWW9Jua/nL+mUcbm8/XrVQCLgXn4YGWlIwbQf4+Us/l9FTfHvwk1WPsA1DGS0xNlZ8vRyV17e\r\nn1nin4QHHb6cgTwVdbknGtY3ecdFZR6cmaklte1STgnJ54akOnwJeRq6OAfz+bksCFyNOX/Mm2BE\r\nBDsCJCRMqmsZo5D03Kj7Py7H6ApvMBRIAntvkP+TBybZUM5rdo2NJP0aKd5EKP+2X5rhmMJWAJYg\r\nZpYVfh2chYe4V5XXzQ/Hg8eJnKvOfgwmkzdirMhQpQKvmPSBhAuPnYSKpY4P+Mga2DvZaBtIjq7U\r\nL4sMAfyTOYvAE8eNQtxrjKZ0w9ho1qPDnw7070OEIYFnwhoyNOR8WU/WKaFbMfVPNMQSr4tv6fk1\r\nBQ2RlHIrZThZ0yDMYrFNWPdb+FU7aOAjPswby6K2fceBWwwpdVMCNhIQiMwZXC3rOzFjP/iXsGnm\r\nMmqTk05r1MtNWre2x/k6w7HVtYc5izk2oaKoyxPSXo9k9/gzpE63/MuLZjRF8vkf8aq7r1gmq02E\r\n7kQZQDPDZ1VfRFI/u1QmlhfSGMC5EA2QpTFBAdv6fChaYheMkAXJpYCDPq4VO433DGTaiGNo7IVV\r\n6e4xhpCH5ecSszlfdVNgVq/pIlblKum+11ML/kdgxydlyeq/6ia/R0O9iwAsysTtZjRF8vkf8aoK\r\nUhgFYFSPGrzoPhRXOSqED/ZX8PUb6fcFbeusMi+7UyoJUk7/vZglkEfNRJvBIl1x47Z+V8zCmnsD\r\n3OQkIkgAMDfW2rHfnaTVQudcHJWS1EjqSGgo9UZCGk2egX0agy8tEOY5LyXG1tiUy8n7ZxnDifay\r\nQttd/yFa5oe9YANkybidUmx5bzjcDX1b7IYoS/MK8pqmQLuEuac3jgvgZ/Tn6eCDoDwQr5J9RuBv\r\nPeqrC6gNXteltOgSSSq9SGAuUuovfQts/ljAZYb9XomG6CGL5ZhVX/9qBNoHXZEAqOwVMglXNoVZ\r\nTmm6GtY3ecdFZR6PqGnpSAzL/fKats7TublRXFyBGsz+2A0e1/vRUYB5agjaxTbT9Uuai2/p+TUF\r\nDZGUcitlOFnTIMxisU1Y91v4hj/OqDj/vXHVb9S7AjQSjYKY+DwzCxwlN5cmN/qz33B5Gro4B/P5\r\nuSwIXI05f8ybYEQEOwIkJEwZ7mfq2Ct+3rveDu2b15AgvwVDo2XtYzazjfNM5YNhkixPsWg65jT7\r\nmYtQICpzT19IeMV6bQjsDwCWIGaWFX4dnIWHuFeV182XjippSuOoOLCCzQ+ggjt8lHIrZThZ0yDM\r\nYrFNWPdb+JL/zS8uZdOSuiECsBO7kGubYB0iv3opgzEcWfMxEKBU6jnVE3kxU5S9Hm4hV1MAf9/q\r\naVl8JbrlMVwiogBlgMeA6/5LDcyDde3B9Mwx/KBaXla1tJUjbwfagrgCRd6jcqQrfjE+vF/2BQRh\r\nbyqYQShvdDo7JdmGJRhrWj9C7eYzqKHNTCefrMIT+CjUSmbB9ZmMbjLwLo4Q8bjaOejMZjkccan1\r\nywotxyxPsWg65jT7ftDTGTLXtqxoZY4r3xQtti5t/j3Ze0kMgKvhvnNhtTfDEpIs6c3zienuMYaQ\r\nh+XnMEfOl2mzRskI3MFEaRbJYgzaKHxkkp+3DOyFF/E2LLO4ZTCsM2bZfISfdDbStpEWLsNWZzPX\r\niVtE9LEYeCmKAzyfHDRKnbwSeRq6OAfz+bksCFyNOX/Mm2BEBDsCJCRMGe5n6tgrft673g7tm9eQ\r\nIBtg7H3qLsSIB7JJbZq8akGJF1C5n1jUhhYTFkdl27n63K9beQT1kvuWHgIK5iWFifHffi5Fn3SO\r\n21WOPAblNk1/96KJVLuIvfiV3FKZVcXHMVwiogBlgMeZm/Tp/uQU6GBmqXcrAlXGt6AD+F/IVDFd\r\nwoaIQa0odkWdLdeLIyA01vJj+FKUsszx3ZlpmkcayLzoPhRXOSqELu9wLFyrSZu9YBhgY3BBX3Kx\r\n3Jap4gO2S+6n/Efbfb0+G6xL7Xo9niXdJtxl5KDB6Wc0UIKvUcCwtlGwTZsqlItvj37onJT/bYQp\r\nF1j8h7s7RMv4a4LEhA7mvUoBAEQUzMu63w4rK0CJLHvUaffw1/i88rKq5w31geXziDyECbZ213PH\r\njuBbtx+C/Vk9wXOMGl+sNBNlgdggPz2e60BvT5tgHSK/eimDMRxZ8zEQoFTqOdUTeTFTlG3sTvo4\r\nxTmGs0hMkzbSHL9SjmlYFiyyY0iXF95bd3qHDAyLdznHkNzf6mlZfCW65TFcIqIAZYDHAElVB71n\r\nBbej5RgCQVA7+pPYt48xyt/6Wy0DR/DvbWKZQ7l4GyWM85HMqen/JUDn5rsWFaT4QSSZQ7l4GyWM\r\n8zW+Xo465H0sWsHzFvzVhQ0xXCKiAGWAx/v03fPVKGJpCwG8STUYOpXagrgCRd6jclax3nACipkH\r\n7FBpGAWV+lrB/1NP7M3ZFvqXXTmbBT32JZzzjUtfun16ThVW6JG3BpWyKS5Q1u/5PJ8cNEqdvBKE\r\nk0kasikbACkRg/7jPLjXN1fX+WiKw60jUsVQCO5uI1tvfhP7CG7wO1S9a2QpUb55dCK1zKZJBoBB\r\nov7rstkHheZf3J8/xRVHBlTDmi/95vCnqcSeGo8cZ7IwD9Gyfwc8nxw0Sp28El/gXryo4ZkEHRed\r\njWa/WS6tCB5qT57TAEIya34cMp1nYk13H98bunrdTZ748a+xYvHdmWmaRxrIvOg+FFc5KoQJGELn\r\n2NsvZHDl2Yz3WORJjT4psyTgPoPvlYXy2uX7kWDf+6YSR474rcmK/jiNehEPCILTa/+HA0YAhQA6\r\nJbeZs9GYQR4bfZbu1/BaCeni3r72GtNzts2dgW/I3zCNHASDDBxe4R1D/XlFOHLCNR+loKLN8ki5\r\nq/5COkcrQFDGcFXDhMo/wQzDjB47FebbSTQEJZkwnr22SirEMcsspWpKs6s8eEThs7bF7vXXu5PY\r\nD9qdqv/3lDqYsr3lQVwx4ng14RsBLdEQcYiFHGHebS4voeASzM4LsM+7hGweOsDrbHpOFVbokbcG\r\nYGapdysCVcaygk/NUWE/x2LfT+dHqhJ83T6FgT2pR3RNNpzWaGOGFcbLCQwb7+wnsPoQdEGmdcv+\r\nhMeV930ecVJ9OJPZspnGGQN0VNas7zJ9F1aTVSIWOEY3ylHGAJes46QT1INtJRQqpuZXEocADR4V\r\nqHW/TdaDPS7yOB6Y7x5CcwridT8qiu/wUuERYgL99eLiStSovSQ6cJYZ0lpEQ1ztCBDPhQYYRFKR\r\nCzbgUIh213PHjuBbtx6mcxLL27tmKeUQIbWVbstrAzaO4fV1b5MpVZPJt3sgi24IrbuBjfsTSdNU\r\ngJ3DKtbhKjWNh+GfO2QNz9aNY311c3ZbWxsONdEVnJ/bMkA5m7SIAye+UaYifVm79D7h6bxIXKBO\r\ntenmWcav7TlM80TGZHczaNFcdO248Gfp9t19l/5t2axTmasuCWfIiznEDz6Buf2SFqNtdtdzx47g\r\nW7fJztbG4iX7g5SrwI0o5mWtl/5t2axTmasuCWfIiznED4OdE1FX7MBI25z4GIxFBTJcA+JvPOLs\r\nCzVSZ7m0fbwmtQaQD2ogi0qfGmeB3kMGJu3V6+cFQNMFyExX5tQNrARMHXlUDUnmdImXX1xwuGQ3\r\nsBBrmGLhX9Qc0sieKOLNud1SIS78FcdYjl3i98qtsDkoDZLRXkCTuY6DT9eo5RMzuEcTG7fMX/Bp\r\nni4LG9ONZKfgQF7fPBlnNJ+euWCldKh/bN5AqNTDPBkkKm6a5IZTMds6LpjBdiuF5l/cnz/FFaB+\r\nefCiGX9qPKuuzFGjR8+3PZG/EfFg9sx0l5oPvlq9TabuCJqLoDFD/2OgQC9nA7jzhqhNTyZPnc9F\r\nowvOwviymvtOxFNXjm4Okz+CrQBy5CBuH+ZbmRXWBaKowAw3EtSVRkVlqoHXEBD4//QFv/a73diX\r\nEAAcg30XVpNVIhY4RjfKUcYAl6xabIHq2NiaP4LTH+mwphqYu8r2XwFaMPUs8CKa3VDGwhAQ3Eue\r\n5cg71uEqNY2H4Z/pdLYGJlB+3As8apREXI8L/nzIa5QqUr9213PHjuBbt2sDNo7h9XVvyTwiFGt1\r\n/PwyPyOKV68iniyRO64kb3xCnxpngd5DBiYuDiL5qBGP59uc+BiMRQUyXAPibzzi7AuFrDJA5Lxm\r\n+HqJtMHRTEySLFmhYcowFiyRBplzie9RO4aoliUmceK0jB71VPnVtHxTcns6G+eYh1QDZe9a3oeh\r\nxR8ac0O7KJ88nxw0Sp28EkkInW1BF4ruXiYZ8TDf80IlnPONS1+6fcFTeCkLIsMfkkZvAVjzRDYi\r\n7g41DzduFflixrKno32/0ITUKawPaPaymvtOxFNXjvkO3EDshVYHtMNmP0MWiA8WPYSepNyVtC2J\r\nLc2OXvU5zGKxTVj3W/gzI2ybhrqiUYvELsQrkZslwOUHRQopWweBLKu6eiN+1hHOt11736bSW4gY\r\nsx6Zn716RZ1U7LH0S/KwOPrhLPBbVA2+3WMKjvkf7Z7TrDLPdrKCT81RYT/HPzrnhBhaECiSDLKj\r\nD4WPDt0lspu8T9tUYfkSWPuUjNytCB5qT57TAPvpr+bGl2siYk13H98bunqrvDnfw54IolCXZvq/\r\nEqkyD3jGoT3+QLavpy2yS4qLl0wEtR92ChwCJx+io7C1LiA5FN+TAFKyY1QNvt1jCo75I+dpUE7p\r\nMSpzD6B8trRH7XIGwtEBMKmJf0CzxUhjqcXotBM8drs9A6tyyTtKU+ECH+2e06wyz3a7r1gmq02E\r\n7kQZQDPDZ1VfRFI/u1QmlheSxTOmSEAtzeIkIwGTV2SggwwcXuEdQ/15RThywjUfpaCizfJIuav+\r\nQjpHK0BQxnBVw4TKP8EMw4weOxXm20k0BCWZMJ69tkpL17ACEKkj5IcJuhcJQF6tWSXpIkpEORxc\r\nQIqK0jcgRsIhqriDCUXu/JM5i8ATx42Kejy5KAGqKjmbmsF9qzkJ7VNw3sfW1Nqxaf8nEGqnVwQK\r\ndyTYKEoZ7cL41HG4tKgQlIuQWqby+yPW0v/uC8c2bErCUQgsHlj+hMeV930ecVJ9OJPZspnGIPwQ\r\nCIDINrMdnqK+9/lt9XR0V4IKv5oxRxhatMqHEs/6l105mwU99lOAapClS5qZuIbv65UsK9WOXeL3\r\nyq2wOSgNktFeQJO5joNP16jlEzOeU2Q82Rl/pt58tdL6Zk51Ef2p3H8EgJBuDpM/gq0Acl5WtbSV\r\nI28HIn1Zu/Q+4em8SFygTrXp5lnGr+05TPNEw5lf6cT8MgDYikLeF2yTK/v9dT7JM6GlOhsEHOOM\r\nlDiOCbldxQZ/d6WXquldZbfQ0mUCesmSbrnd7hpKhyiEx2IRHm9MKfPzoeASzM4LsM+rnSbgulUo\r\nxTk3CaCg6P5GSS7IArlD0vWtCB5qT57TAGa9lDthzfQeYk13H98bunr4moIdBpyDhWDf+6YSR474\r\nrcmK/jiNehEPCILTa/+HA/NgA5SDF8Wf31miwsKljwtJYvcqWWrp2weySW2avGpBIzePM4EAHmQb\r\nvhLD/Ez7JS2oJwmhJtmiXD05HRQf9pm/6SevcUX3DQCWIGaWFX4daGWOK98ULbbIZ0MG4SMpecIL\r\nzC1ZWPvVdtdzx47gW7cKPtqyBYsNAPer4Z8xxzDQCYaWfr+g6MuzpFQXWtjpTlJ9OJPZspnGGQN0\r\nVNas7zKuqMIAWL5IIFfx7IRAoQbWdNu8FyKugGgMz3yelB5I0fqjEy+g2rwjQ/9joEAvZwMFGUas\r\n6PAl/Pm9r0TkxhCZQ7Ptbb8n8vjaafzuBIIqwgrnWAI5ROp22dpMqSmC15x6Y09wcSbE2lgnp5Al\r\naJquLXBUNgZz3Y/aoRUxpD9dEe+VhfLa5fuRezPnHgE21Kehl8I89Xs4xotuCK27gY37VJfFxYuw\r\nEarBUdcqjMhVF0i2hyLNEXeUCBPctnXxWbQLj52EiqWOD4bZGA9c9Su3No3G+ChtujCTCpp9F/Yk\r\nxiFkGyOFijv5jIM9NCm5bBUr7mUMv5rioIxCfmkCDnV+YN/7phJHjvityYr+OI16EQ8IgtNr/4cD\r\nLi5tRwdUkBcxQQHb+nwoWlgyahRkRCr/GwIqzzaoWGw14RsBLdEQcYiFHGHebS4vBW3rrDIvu1Pe\r\n2a80VdPmdZODTz4YzVOG9G9zAVFMo6Uj52lQTukxKnMPoHy2tEftS57qAz+RRvf2IqPV9hr7gPVb\r\nzfrxYVzAu4mb0E6I+I+s2KOtiNpghmWozS52DDpJiNFpRZpbxpKCyg5CZ5T7+vwHymQEnrZKebap\r\nmPZ7czA3FeWK1ZjrRph+bFUnvHoZebapmPZ7czDbz0VsQV67pKx4xMhJ6G61vUG3EXPYFmnrdixv\r\n2Y9RPIb9XomG6CGLNSf3RCQCepju3LNf9kJ5t29Cl6IQFQDUs3bJjX3B+90b4DGKWeEMwFMHM6Yo\r\nym9VCxCJmYWC02oDJ+KCyaxY9RvgMYpZ4QzA8zNR77SnGyqanS+0xgpRu7sqb0TSrQC5fU5rKPHs\r\nwgOanS+0xgpRu7sqb0TSrQC5+5aRPpEdOA6KRaA7KJ+le9adIR1ZWjars2Gqz+u54h31jUcy1Ye7\r\nXdadIR1ZWjarHVI8O+fiYTgqFn44hiK3GbHY8NWwPttSmeWIDMN2Zviz7iMImM1GhBxn32hDWycZ\r\nCU4Q1JHDiA6mgAsZflteQ9aiQZJTvTzpkpDGLqRM8eBD9u1zNutRrfVqhEZP6OGFzHw0PBwf9GS/\r\nFlHX4d00th/yw3CdXkGEIYtY1J/pDcVoAKGrOjKrkHnNxWS3LUS4kFnf4fQvAjf0iX7Y+JpX5SLM\r\nIRs5fRTl4XQ7yzXDZKuI0WlFmlvGkup9Qlg4vWyJSmP4C5jf6RkQrZENBFGgFBIvUDCYMteFKbf3\r\ndv9whMBQfbH5UvudfJOkyPc0bLsabKpqwBpJqsivcbrgS1eR6oScf3HICHfoCIPTuddvvuVfYux8\r\nkuc8bMxP5v7qh6D5EoaRWW9Jua8wLqH2oH5ZkNjJZ2UOW3oxRxEk2b2ofGInTNyfJgIzL27O09d+\r\nE02nJQ86wB6EAM8l0uMEYXkcJd03/0D7U35YJRC7p6+gx0WwB4Pb6SIcZ4buGQiVm8QN+RYa8mnF\r\nxllwb2HY/t0XYSVs45KfkkRf4fa2YzjK1CZgoUZ+PVnd7kc7TvnOUzXWIHuuo7myxrBfI3pKcQin\r\nKNm7AjPnHpFwmOxj0tfFu5t9NOxn5P0DW5mlhgEnBdq6MoVuX8ySGIt4E5lPkfGff60LO5hjym/e\r\npD6olDE6YaOi1bvvl0A05iyz6VDIc4iNSaxDHTBAsDHJlYRcw+LBoAftAUGfEnwYU4C9+SZ7QGYU\r\nCWLE/UrU6/TjKxTH1yBUQJEHhrZ3Hhj8umh7IvqTh+aeyrG3Tya7mMiWpSBDw6MudWsvs4GTOxie\r\ngr/X7w25Ms75kDZ/WAMsT7FoOuY0+3PibYO/otRHBWFqfJ9WrtFYo8CkKcRhoPEN2YvImEBoWzH1\r\nTzTEEq/vBune5/1w9N4iSaMbaLTFN3lxc0LG9/ItVZm0O7RMFsGBrUGSDPyCpBpxLDvOSZDyY/vI\r\nYNxVY+illJrsw0tY9iKj1fYa+4CGszZ3oytAgIazNnejK0CAhrM2d6MrQIBNsbHTHtEQ5Q+5K68I\r\nPTGqIHuuo7myxrDKonvRJpJTIQ+5K68IPTGqIHuuo7myxrDKonvRJpJTIQ+5K68IPTGqIHuuo7my\r\nxrDKonvRJpJTITLKXm+S+q+x','dbconnection.java'),(2,'2','4','hirYByOOacN7IuE2HUOMe+81VZNg538vy7pi8VPDv/ct0Pf9FdbppBC1pxYDviMalb9K1w0fBcDJ\r\nbZcyKvLeji+rB/RC1HpyalaomAx9SIK5MQLZpCDIYIPRX/vOSWxN7muUN9gG9eBZnpE5o8vBrqW3\r\n5BmfJqIDg8Nf+3mnaBbmkr+0icqU0TXAKLxvzjfzWzLXJes3CQShNQgm4v9sOZGjiAn3emjExlkG\r\nKb0C1ew/f7To4j/OOjdvx0WBJF0G4JGRUpCYDamRo4gJ93poxDY16KPvMjyzi+XmcUgDgd2Ro4gJ\r\n93poxI3RfuBTkuAvZOM/b4cmgSdLrvhhMjEyO67NR/FjUJgb6MdAnTQeNQYPOuD1drvJsrKPkU7w\r\nQwJq0n+2WTAtDS17LARbuXjVn+0PouxzKk1wxhKOMfqmN2rxvmkIziuDSzPML4eNp7DOfij6uh5z\r\npGngDLMEzLOV2O3AKy9JHby+Cm/pbXEy0KirD2f9lIWzdFAyrO/Ba+k65yLQtSIuAhjDp8/cBqg6\r\nsGoT8tYZyBolBQBPKxO/kqJp+ojLhuHy/wblKCnuh3PctAnLLUK61c9U/Thf5u11Zxk88R+3HpbW\r\nAoODxAGzwuydyLpxjM/5/F+440SSbC0Ki/0HqMLnbUQBlCQGLjfSgEUCbmy5tLvJEF1kBCRi5Am5\r\nEnX8BfjCEGd73UeoHHTovsVWNQca9lx9LSHtyHMpiaUhlIAYY4cPmvv9bGDKsA12G3u71UAiUp3b\r\nupaBkFLv1i+M/vl3bTAmjFc64AnPq595PAhKOd9urPjTmnSNBP+eDGSdTrfZ0cAaB0zjJT1flOxT\r\nxVJxKLjatf1h2eaSPmdFD6C/XQrVSTcYV9m02obrerhV9pQNmNKqRG+SqoXk+x4vYkXynxdJNxhX\r\n2bTahvpyPGsb5h73jy/tPoiLGKpzeVAfUrljllrmh71gA2TJrTcAd1eO69ieQvN9RTPWfHHLG0py\r\nTZH+HoNLWqrgr47/4WGAX/TBNf6hR0ONpRSf2rkpGNn8CWgfq5maC2hyqIlSG5nzoQ2kKMdcpGOT\r\nDxzcOzEs7+3erhot6j0+deT4quM9j/I7FL5JBZzrX22Wf3dzfOiQS3W3+q1DEKV2LAJ6PtSNp7X6\r\n8XYGD/xzQbYEs0b9hgFxAWqhEdAhvUWFDFiGQ6wD8JPQ3no/G0h8Okh0Lw6OO33dMXJSDE4TLkcj\r\nvKAL08cGoA4oQ84IC4ZMIirLU4aWNsOMEOzg667x6LaL6a0hCIPxkI2YzIUDVxsYiVIbmfOhDaS6\r\nX3HFuZwZuzrc8nEyNN15UGJFAJjxN7T1uMrLrR8zGK2b2Cp/2/nAnYZ3rmLiAZh94Vx3StK7eard\r\nawQtoD3T9oTJzbU6Ar7JHtNo4MEBiZtpJ6rOhJ0Uhx+L26SfIZM/+JewaeYyani6TaaL+dsniNzt\r\n0IrTwL+zj+PUY/m6xP/hYYBf9ME1L8LxpxUpeZ8gF3uSJT9ieLbLMB9lXV5zpokDHUl5SEFWQZkf\r\nsZgNr//hYYBf9ME1VI/gTf7Ul6CXVapvc5Nd5o1I2RustafGloWkkT9z60Grn4+IrzNZNBLLf13e\r\naVUoWIig6Mlx3FLP/8Rr/1/EMgMjM2yMEooCIPwQCIDINrMvmTQHCOt5Qcg+I7oBvJGvsID8jtWh\r\nsozpZxHK4B+vNlUYWw1+55zlDejiouWA6oIxXCKiAGWAxxLm5d8dks9Ag/LzAkQ72uUWAodNPR6I\r\nhrhHExu3zF/w/g9VVqVh1INEBagT654yNtpD0ERMMr+mX+BevKjhmQTLorZ9x4FbDMyLYNFGct6J\r\n/mUS4/XByNqS6H1ImYoM5vBop2zYlLOso+UYAkFQO/qT2LePMcrf+sm/2SoMA2+0FcknXonNE05A\r\nFiYIUvG7xpqcD5brbB9nBW3rrDIvu1PoknkzmZrKRGY0RfL5H/GqWaWXGlQOXlr5XST6aiZ05WdR\r\n6GlB/0vaKjGcRtX9NvKowIO9soIcxVEYLcJL8+KJSuKtUKDdOfM+8I7Ly8T358Uc4o8B5nMI8DU7\r\nVYHXEDiOMzazF5TCuv6hR0ONpRSfkC516HVucdTVE2IoQJBQQln4+fqe+wP/ZfGimQmvMceLb+n5\r\nNQUNkfuOCITvd9QKIy/37rzaM1+a+/1sYMqwDRJA/xM11R516FyrrXY3xwDLJf5u9u3KrcZzZb9b\r\nYnxJdFff1gkEmm+gydiWSxhRhXd/OUnCyajjfqSKyBg9dXYo+Eh9SgJ8O5+CpUr4XAASH+2e06wy\r\nz3YUNmQ4pfbcyQoam6Wu+QEYBHjkc0+i5rpnbMuPSq2qMCRHBNENPwLIyyX+bvbtyq3YXLT4FGKA\r\nf8WpH+8nFkysKFSV+ItHBeJ213PHjuBbtykuh/xAZ7ciM9me2shvTN0AcxA2h8pcAeY2UEWmYwbH\r\nikVK/vUC0PUKGpulrvkBGO9xkJtLT2wB/W/wIJ07jkmBh8hqaPxfflYoevP5dGoVfRdWk1UiFjgz\r\n2Z7ayG9M3ZSdOm2XY90j0sRRr3yCqSdLP9RDDVJWBk1TpHoEWnXUuEcTG7fMX/BdGz+PN3r1YqUG\r\nW3FJRbb4qe2JrftwnS6F5l/cnz/FFVfx7IRAoQbWdNu8FyKugGhvGrx61MacZsMg04KkAsXLQEQA\r\nEiJ6MLGUnTptl2PdI+E0KXbeQLDNIifKpXnM6fiw4wmmhYmMOlzPM5pP6CBe/d2OmykEiVKF5l/c\r\nnz/FFTopBkOMC5EQOikGQ4wLkRBiAVgJEk1uyOkLMW7Amt4Lw7tAB4pFHqfrpuq7w4wqbTFcIqIA\r\nZYDHlHIrZThZ0yDMYrFNWPdb+A1eNhVb+tvPrLFdux17/uCQLnXodW5x1Hw4yvRFdPC2Y6t1O6Gw\r\nXfgfIQ35X+IMJhWPG7oLMEY7fpVOfycAb5J00BXQ4YVTShOaPPeKEl3wJZzzjUtfun1M0SE0RiEC\r\nIEA6cjsl+9lD75V0AmZd4g0NsOM3EfBq7Sl1UwI2EhCIu2AkVHMCZ+TZEQWwUHzW7nrVQCLgXn4Y\r\nVnxO8xBqIkpvfD8woUxpvVEYLcJL8+KJSuKtUKDdOfOTuACoCP5cO7SqhlByeMbDegHDV+W4l/aE\r\nfdSPGHaM7G0BqXusNxX7A2qwFk6Colgx8IKzF+YgOwVLMOaG/n5Dh1Qp6b8q/mp8jOFdWXqPxzfk\r\nstjCjkJ9bnTrTaxCrRsttW0gh+PuXA4kZ52MLaJPPyM9YOn3xaZmNEXy+R/xqgpSGAVgVI8avOg+\r\nFFc5KoTtfJUFGmmKASbga6VUXcoFho03Lhso+p7LorZ9x4FbDGXxopkJrzHHi2/p+TUFDZG6KYlt\r\nEJQJfXblBmsHA+os1Y5DGGLYtuEjFCvE1CDTBx8Z7Sya+2BB+Gc+YgwDOKbY5YY000YFk1vCyleS\r\nxnixP3mch+r5EOBnmLtyZcSL1UnThCMnaIBpfpVOfycAb5JBro2Goulx0aOw0WrlLsmvIctttWSa\r\n9I0j52lQTukxKnMPoHy2tEftcgbC0QEwqYlGEcKN5JwalIaNNy4bKPqey6K2fceBWwwW/Z98lVFz\r\nVHBqD5S/phSKjjydjwWslIVtAal7rDcV+51UeI1OuGC4i/0HqMLnbURR+dg15AeLtEvnHoVGlVNY\r\npfltV/z4yBMGWoJmE/Oe5a8bLa0dWguT7WePDM9/Wv4/Iz1g6ffFpmY0RfL5H/GqClIYBWBUjxq8\r\n6D4UVzkqhM1aewCqP7eAoDrx/VvU/WMXAhpYKQpmHG9mkGuF9DZJrDO3ckkmvMHXqJ+s5wRwtoKC\r\n+QyRcMqPBZakJqeYtz14blWu7yYcORlG2Mj2NPZMFt82mqZ/6+pl8aKZCa8xx4tv6fk1BQ2RegHD\r\nV+W4l/amx17ihcNeYm0BqXusNxX7ekFcofteneOsEwJDzAlJN20BqXusNxX7izraL7iRKafK9PLN\r\ndG9+QFvCyleSxnixEN4ISGbE0libBPclRCkIFxBAYSu4IwPdr+EG1laAg8xKP5jl7M7pJwzp2IOx\r\nvnqDXFyVo/4xAupzjhlXsw0jWQhNJndiGr4XXwgc8h1fsvRbMfVPNMQSr1EH9bMhq00mMhYLZRpp\r\nZMg8q67MUaNHzxS/aJNjUW3W87vppM+SB+dtFQiKhL4o1+LDO9ZtVBVW09wVyH3IRiHSedwVbtcC\r\nQ/onfVXgrssplHIrZThZ0yDMYrFNWPdb+NB8yUFJvur1IvF5YpU2mpgMzxyNOsQN0Ia7clseFEZx\r\nKXVTAjYSEIgcj07zdWqtKdbqqXfIb/xxFgV+apymREbaw46l9y+d6PE+wcfRKsuk6tlGjzDoubxC\r\nLWexwvJgJPNXExtuTs9hhEr3kS8i5iq2vyeOn5W0fhvGnlxJ1xArDhgUcWc+wS0Fav9+ngu6jGgB\r\nmvlUWA+iCvIhMiXHPzFlyeq/6ia/R7hbm+b0dsb/8GinbNiUs6yj5RgCQVA7+pPYt48xyt/6oLDV\r\npjNdqLSBFnyUoLT9tT29LVvqUO6FDIEil1mKJiIqX5+OkeRrM0jsnN/o+O3Qd0l5CHurGgInE+ZB\r\n4qwiT0eL3cSybH4eYId21iXmRPZDztqtf+UwviPnaVBO6TEqcw+gfLa0R+1yBsLRATCpiWCHdtYl\r\n5kT2MCFpcoAF+7sj9GukjogZfpCnmEBt8ALBopvTcJuiVV1UKJ/SoWbeetF+Wjw0uwSHNQQISo1s\r\nhygsGukmKA4sOupPk+LkMkaTP7GmER97ZBnPhKPHVxLNP5O4AKgI/lw7MVwiogBlgMep9znOi9oF\r\nxFgcyWNfT2ZvHxntLJr7YEFeqW8Lu3vPYjwtkP6JXX5ng6tigx/tfRa4ZTCsM2bZfFwDcr3bzh31\r\nS1HSxS1dMeYbpHOiSO752T6bbYZKE5q6lLqVmYlTr2mF5l/cnz/FFYezLqAIdiVL41hvMNlSu6pv\r\nqhL5c+Qeok5XXi2u7Wc5u7Rk43TvOjA8nvTgtTjCL04XCL/PMrbM+RDzO2FMrY219bwvCOyZmdqC\r\nuAJF3qNyTNKK4iYHjltX8eyEQKEG1nTbvBciroBoY+dxhsLiAxZ9NRRdwse0ouv1wWJTlpYvpBWf\r\nkBZPgJTqdg5aCWj26KHvskUVPnkebnTrTaxCrRv0YWpaJQbu9kbAzT2Eo54rIPwQCIDINrOLuQDh\r\nyqOqRnMPoHy2tEftcgbC0QEwqYmyLjiObVYKH8FuBdbQFxltYoGzHp/5twQtiJiCZDClrlQNvt1j\r\nCo75NtelXedXzMa+rdpoHlFsO7CTKGORULetVsqhB4EOziVDdD5YEErzxVNwifEvqe8k3cb+0c6u\r\n3nT2h7CMjin9rJthTcGiVPgHrhwAk82F4jtJplD1zvhYchpIV7H7jIoX+N7Gdiug6BVTDY3t2aVU\r\nhaovUBMAGgqd/+FhgF/0wTVZ9rphjSfCQUqqIY8cTvwm/y7eTGfTDbcUV3UnbqsCTiJEibxuFBSk\r\nI22LIOzKkBkY5Eo5YfOINO7UV8yHtENLlZihy/cgMzmj5RgCQVA7+pPYt48xyt/65p5JSAr07cqL\r\nQgK2XUcjIA2w4zcR8GrtgIRLkbYOA0FO7viQeNjgsAd2TWfurQiU/9bc/o6l3Qa5taoQd5CmrLVr\r\nHs8u0+aDRL9TRjMLp5ScSYpdIiSJeAPEIPLvymB5U2YS9eG223x/RjrvbNpm3TyrrsxRo0fPEsXV\r\nHdPawpngfnqQQNp1J1fx7IRAoQbWdNu8FyKugGiSa+RN3+wvUHgK3h+PM5T5+UO4cMIJzolopg22\r\nkTXDWngK3h+PM5T5+UO4cMIJzokihhv6WmpidfczP0Nxqxe62h7LFyZdNP+NuOBf3cHK38H15TxF\r\nEsmNd8INdzWohNArGPUvubNuGZKtgRlknGD8GbcYXJ8kc1gxtYArKeyJl2sDNo7h9XVv+2k1iPt/\r\nwtifDNrpeue0tRnlpSTbHy31ZcRsGZIH5kjdwlUt0RwbRSbN1uGyg21QXZBhIQ2Fcj+UcitlOFnT\r\nIMxisU1Y91v4jSjOKgIiU86WDWkhrUS1HibUWeawO3eXf0Y672zaZt08q67MUaNHz4WyukEyRT5R\r\ndjckBNdStPeT5rEl4iU9d/8yprBkU1WbM8wvh42nsM675zzVBVkSZ0Tj3+UhvfV3M1er83kFxc7W\r\ncgMnQ6jB6w0fCqJl4eP/u+C0ST4Zc8vxbFsO9k7oFhhmNmU0F1wa/+FhgF/0wTUHuw/UIQrHxBYq\r\nqdPawTK2RL9TRjMLp5SsnaNkjHoYDIpwfTHplk4HBSP4zxxlLghps5m+TyrWGKPlGAJBUDv6k9i3\r\njzHK3/o+Xk4/2I+8zeOEHoJe0MvrGgaRjHXp//1yvF2QndqY08ZnwDMTs5DzZtkhf8hLQ4JTgL35\r\nJntAZvu4j67bmZH9qjdAhGEz0QkktV5hC6Of3DNHeaHftOF0ad/BIlJ4oZy5wZz7Rxpsfi+K0Juo\r\nSnrYn0+S28pMceh213PHjuBbt7nBnPtHGmx+PGxf1s4cW/FcVw2yCodTZxedkqFHP7yf3h4AWm/3\r\ndNfHIcCaz1quYWXJ6r/qJr9HRsDNPYSjnisHSPrB3gnaEkJzCuJ1PyqK7/BS4RFiAv1bsGGeZTHd\r\nLgeoh2C6qrNiK+5lDL+a4qBMNSf4djG03sVLlyDg2fmxKDmjAB5SJJbP0tRV9mVwGoo+beHvWOAb\r\nOHe5SO9ynobS/E5msJQYmjk3CaCg6P5GClIYBWBUjxq86D4UVzkqhAfRjY0HUzE7zIpJC99Io8Hc\r\nF++iZLhjGKZ3dxwKGNkyjDCrrLVMTTCvnK9Q9qCwj3fCDXc1qITQJ8YatF/WLbxysdyWqeIDtvu4\r\nj67bmZH9jbjgX93Byt9H5B5s00XaH/u4j67bmZH9UELv/T+2qyT8/DRywvaJwookDRe4MsBAg/LD\r\nSr5Kq/BkzGOJRn4XckJzCuJ1PyqK7/BS4RFiAv00rdmqBUxjwY4O5gqSSbs9EuzwFCicDvu8SFyg\r\nTrXp5lnGr+05TPNE27y0mjaTpZWy9NX28wuGaCbUWeawO3eXCMte5vlOLESj5RgCQVA7+pPYt48x\r\nyt/6w7LyW7Rqc80YxNI2seJpUWh8kXqkJswti7kA4cqjqkZzD6B8trRH7RRsCPBNKT7l1wq0t06R\r\naOh6wSavOyWOo5sNPlJPSuRiKZDTaYrqlHwIV0f4dM3dOkzMX9ZlOxM6g+oJ/VdrDNjtY1pJ9ePf\r\nCPQzAGi2K/LFUinawQRRJucvi9y3nuhzNgY9XJELKTrnawM2juH1dW9GAImZlmnCqTPmEC4zjzuZ\r\ne/e/mqMChjNiotA1bnz7KeOefDsCiPVOzhG0Alb6IoW6TbLUlZKGsNMGWI8u/+0PjdwLlyRjU+y8\r\nSFygTrXp5lnGr+05TPNEMpRT4oevF0eTms78UHN8N0G+0EEq0Ai/QnMK4nU/Korv8FLhEWIC/RkJ\r\nkxeGjmuTEovtO/o3wqJwqiXxARL7OO0pDq/TqfbuWchfnTzjshahR2K0gTQTI4CAj/xzczML7GkD\r\nZUOj1MUaiIOvxXm02kpqaQkvS2QaEopKb8M8fHG6SC8NO/kTk70wOniGj1U9v06TT6cfbSE/x/Ja\r\nLnD0trV0geJ0v8iftfW8LwjsmZk5K6fHGSOcL2jVDYfCEPrPR/0ry/cB5A0+puTGEaj9ISPnaVBO\r\n6TEqcw+gfLa0R+1yBsLRATCpidWUuVK7z+6HvOdLn/3YimGQOnQE1CWUHIOylg0Tc7ofRm9Gie7W\r\nMAHQv4QeoaE4pP/hYYBf9ME1/+FhgF/0wTXRm+Xi0SiREWgqdusPzrCgcHLsQZKc26xFSuZA+sNE\r\n5P/hYYBf9ME1/+FhgF/0wTX/4WGAX/TBNf/hYYBf9ME1lebPFmri11/7EFlSbCjbMRDs4Ouu8ei2\r\n/+FhgF/0wTX/4WGAX/TBNeSCWnOyesP23t48WDIN/+D/4WGAX/TBNf/hYYBf9ME1kpKUyo7L4Nj/\r\n4WGAX/TBNf/hYYBf9ME1/+FhgF/0wTXj/P3gluJeyqnH3ZxeCwcASqohjxxO/Cb/4WGAX/TBNf/h\r\nYYBf9ME1/+FhgF/0wTW2fvFES7HG88xisU1Y91v4Xo35dxHx9+ZpPhNxl7yMQv/hYYBf9ME1/+Fh\r\ngF/0wTX/4WGAX/TBNfywfo+4uOcz3/vxP2YZIHsYOT8DAgxYE0XhOq5joevQ/+FhgF/0wTX/4WGA\r\nX/TBNf/hYYBf9ME1/+FhgF/0wTWSzO5fvUFzYCPyVhoYRFXspzmxPXgDph//4WGAX/TBNf/hYYBf\r\n9ME1/+FhgF/0wTU/RvAKnOPwiS9Gnrua0DiI/+FhgF/0wTX/4WGAX/TBNY2pzaQSdlfY/+FhgF/0\r\nwTUjOcuajn3rAi9Gnrua0DiIxubEFu/kryv08cmYNfPG+8z87FZESCfgeVynjzPqlS7An7laaH6R\r\nyspFF3XzXuz/jEZ6AU9+JLIJOcWty7mWaP04yeEfo/9A8r1IuauwQYN8xSGdg2t2elbai4DOGXj1\r\nzcjmENQfsJy+qP0xMCi3rjbXpV3nV8zGt8FkkofmqaoWRe73tcCd8bjl1ytmXHqmOhvl1sMZGEV7\r\n8/3nshRwLzEK50cDPyVv4KacCU5C16SNTS/y/hXjA2xEbMo5De/Ia4tE/lCB5njCzY9GGchJHgCS\r\nioN5VS5S2fk99qKEbY0Id235+23XEejHQJ00HjUG2AXiLkheAlDZkYJy2NYlSqrQwZ2IwJ3IMAPn\r\n6Drc5sNXORqmp+vd5hzpq9hOQz9sjU0v8v4V4wNnUCXVAYMWA/GZYtf5A9VSLQwSRQ1ELqkzKdj3\r\n+yBh8usjdryTbRNkV/HshEChBtZ027wXIq6AaMoQ/XzCnYPd8Tj7RhpwA434Ae6c9Ge+hHe3z1ES\r\nAhcthrM2d6MrQICi1bvvl0A05iyz6VDIc4iN5bSg1qCn1AamiQMdSXlIQWBoUxvWvE9Ew6khFQR6\r\n3kPS9AvJlTcwNuhOQE9x5NkbLWrDq+6yV3ttjnF/QJwcDVYnisHtigt4tJbIrEpZRcybr2ITdb+x\r\nKDk3CaCg6P5GLnVrL7OBkzsYnoK/1+8NuTLO+ZA2f1gDLE+xaDrmNPujMSbZ98GQb4mkzE4WynWF\r\ndjckBNdStPfAWQtJK/PyoM5LYqIU8XAwk6LMzelSR+Vs9//H4DUrqeTOZRXtbIM7tfvk94IMZo9f\r\nSlOZj81r4HlzVXiAjnqKkwqafRf2JMaSMVyWWqYIOGTbvQhXNoT01DqgrV6g8A77/6jCjv1YtrIu\r\nOI5tVgofJIlIMi72FFVly13t95kqEKmvTTyg3EkGYI8W18w/SS7ly9TOEkmuUubBgtfuhOKINdZs\r\nc6DxpcPhHapePfWt2vFZEEhoOiW5uT6sA+8SM2qGszZ3oytAgIazNnejK0CAhrM2d6MrQICGszZ3\r\noytAgIazNnejK0CA9VvN+vFhXMCkFCp5XlxMS9x6baCsO99tD7krrwg9Maoge66jubLGsMqie9Em\r\nklMhD7krrwg9Maoge66jubLGsMqie9EmklMhD7krrwg9Maoge66jubLGsGdR6GlB/0va7VDaWe1v\r\n/L4wwzzX9P94nggs2yzcjSjTUG0BQQXzN0rlmSoNKfGENFvO62ScdzaI5ZkqDSnxhDRj3owcdu0y\r\nwXIiaxUvORt4hxGN7pIfhJ9GM6UgfGE5WfkC3kWa3R5cBTD8OhkdykUpLP0BrvkE6ZB+7bBFycx7\r\ngjklj+Vhke48QR+oCJdYsDQdnSrDIHs+vTP9UGbAdsIq+cN0/aSvDZ4u+pDcxPlPSqohjxxO/Cb/\r\n4WGAX/TBNf/hYYBf9ME1d41ckTcNCuTZjKg1ioduuaKJWhB6cRoO/+FhgF/0wTX/4WGAX/TBNegT\r\ndrRpK7xxrQs7mGPKb94eM0DOIPVg1CNl5KbRS0FKMhYLZRppZMg8q67MUaNHz4WyukEyRT5RsBZ0\r\nd5aVlEp213PHjuBbt5RyK2U4WdMgzGKxTVj3W/jGRonHm0QlOtL1ba6Eq0tnzFqlT11fCJg5Nwmg\r\noOj+Rqhqrwk+4Znyt7HwdOM8Hhr8B8pkBJ62SnS4Rk8FN/jVL6+ZEcK2zjav5lrU85cjAl/TJyvY\r\nYZQlt7HwdOM8HhqYfmxVJ7x6GZyuGKCxxzIs25z4GIxFBTJcA+JvPOLsC617uBCE2KKgt7HwdOM8\r\nHhqaBUirPcpTC1FICEP8L9u3gViPXyPI45PvqFJp930QIBJtNC+PYyUDAHOMaxSDueyfGmeB3kMG\r\nJp8aZ4HeQwYmKe+jxG34dky5+bsuqNqTiEJrpc48n9km3G4n/ZG23qSEgT8FQ25ErJ8aZ4HeQwYm\r\n+YNtLd4ot0vzhgsxmzkH+TB9gOqAQOlPxR8ac0O7KJ+8bTOf2kzHn2e2o62Jg9AOX5G9joV7DHv6\r\nn2lyff+6n2KKb52X2BFLnxpngd5DBibsPpq2ycoSUeQzzRhg7tz7tYdOOfPIWM1VrPRNnTkSn8Bl\r\nT9v6rCdAxR8ac0O7KJ+LuQDhyqOqRnMPoHy2tEftcgbC0QEwqYnNEL/uH5p3T7+h+Mz9kQCVuHl1\r\nsrY0V0WfGmeB3kMGJlfx7IRAoQbWdNu8FyKugGgsco4VkyysGi7bK6/kiBSQfKxn07ZtsjD9fB/y\r\nNQRQebup+Yz82I+z/+FhgF/0wTX/4WGAX/TBNeeA8QT33SM9dJGKE7hiAmGpyYrPkIbOQatFQW1a\r\nrkCLPqTNSZryMtufcvTlKFraCP/hYYBf9ME1/+FhgF/0wTUdlh9CX8J44A7ava4JTVsHP3eviuFJ\r\niChPgdc8upQ/rGGc3bW+LJlXNp7Ne2Pd7NUk3cFfm/NBs/yAlFwa65X7QbW3SDZW1fMpmzpqHSiK\r\nqEIH3E1VxmSQIaIWoBFuqwQi82sWMd9BHf/hYYBf9ME1/+FhgF/0wTV1Lx28uk6qwDQJM7/RJmbs\r\nUHK7DyrNkLDsssRSTrb1FLn5UqVf7WZIw5VwdbOXHIJvfkWgWVbhWi9Gnrua0DiI/+FhgF/0wTX/\r\n4WGAX/TBNZKSlMqOy+DY/+FhgF/0wTX/4WGAX/TBNfgHSgms0d1I/+FhgF/0wTX/4WGAX/TBNf/h\r\nYYBf9ME1aDac1qXGsF77s/k4ZvNZV46Njq833ICTUiSY7s1xM9xE49/lIb31dw3tdO/WdqD4N4Yd\r\nr/Hle2CNRZmDj0vRkP/hYYBf9ME1/+FhgF/0wTX/4WGAX/TBNVKNhZA3X8551DqgrV6g8A405HxZ\r\nT9YpoVsx9U80xBKvHgTbin1/LTasM7dySSa8wZthTcGiVPgHrhwAk82F4jtJplD1zvhYcvuz+Thm\r\n81lXpKvUgtmHYqKzqu1xcCEbQNBlMJVzt0K+uPY+hacrmvFzD6B8trRH7XIGwtEBMKmJNDe21TjE\r\nrK8Pjj3E1rxiSB7hYiJuA83rfWMiXKqgiwYJyeeGpDp8CQ4YFHFnPsEtBWr/fp4LuoxUxXnOrcT8\r\npfBop2zYlLOso+UYAkFQO/qT2LePMcrf+tAwaFyXcIwatooeoJFdCBn+oUdDjaUUn+T1FH/qIRK+\r\ng6lakzcIDcysY14fI+rzPmb1yQxtXueYCCzbLNyNKNPzcCGOLfYG9IDm/xOBRTpN4vqU4VXogVY2\r\nEUIJImBaeZkVeB/6QQsDeZBfVpQ+VKLnez89e1s8p4wwq6y1TE0wucGc+0cabH48bF/Wzhxb8Vdg\r\noRVhVEe/zUd9X6QpYvYUQ0aQ1B63aw5f+fxED/evTbRbHtS80Ud2QLV9Q4zpOeE0KXbeQLDNvpED\r\n/GOSkee3POQ7XTAwJiPnaVBO6TEqcw+gfLa0R+1yBsLRATCpicdTNuSKVNhv+jtO31H9LhstDpfp\r\nQcX+TrIuOI5tVgofWJMmCx4N+8b/pAD8YzcmBN93fTc4U/Q14wMwt3/1U3znBruVaabcxEDfGETf\r\ndcJRiWqWEdBv3Pn/4WGAX/TBNXBAP9K0+qsJzVFJcZ24tplTFCE9sKo7kVfx7IRAoQbWdNu8FyKu\r\ngGicUbjyeR19vh0Mtwngf/6LHAAOTaw4O8qHJYiZkc7S5ITryAFDIfDKi2/p+TUFDZEBbTgINFiQ\r\nx88rrnJHX37MAy5pIZvYieeUcitlOFnTIMxisU1Y91v4Xh+X15ALDtKW1Yzedam9vIo+beHvWOAb\r\nZaVGkAfRWWbYVsbJcUcyvbujm97XGyWrRs/tPH8WcfGKPm3h71jgG+Jzq4ck6WiFJNgUznhkF0zs\r\nx9bh1Z2RlTHZ4h6v5/kq26FPCZAMpykX6bfer213n0P7Ygr2S2jTmGDEV1ZjDaRy8Sm6DZaCOQsz\r\nYHGaJ6O8Ph/k6lNJMsWO+wd31kStHOErGCmumw5RnEENsRIKl7C5wZz7RxpsfsXtepiGpQ3smGDE\r\nV1ZjDaRy8Sm6DZaCOQszYHGaJ6O8wHunZLKZ/6YKUhgFYFSPGrzoPhRXOSqEtAmBpEhPBqiBzlNv\r\nI/dZceJoY72ZBlPIOYGrvVawry2jsNFq5S7Jr4HvE4KGZAfQTAtAI16OpNqNqc2kEnZX2IvprSEI\r\ng/GQ7VDaWe1v/L4PXJhTASlsbxjkSjlh84g0Y0+5PNqH88PaNGiLvMIAuItv6fk1BQ2RClIYBWBU\r\njxq86D4UVzkqhPSAxSR964iSGXHWl0166j/FB1pzzdd0mbj2PoWnK5rxcw+gfLa0R+1yBsLRATCp\r\niUO4fAptA4L1w5gDAI86k03jYLh2qkU22//hYYBf9ME1/+FhgF/0wTX/4WGAX/TBNb+mAP1DFcq3\r\n/+FhgF/0wTX/4WGAX/TBNT+OmjZBxnj5Pn9I2C7VJfI/50eGMn+Xty5ZYSagYtdREOzg667x6Lb/\r\n4WGAX/TBNf/hYYBf9ME19aI527v7hyOqoxc0R6Nv4BMnwIfHz+ZGQNRzx1ioDQSz9pi8lgtkG//h\r\nYYBf9ME1/+FhgF/0wTXZmh6CDtoLVM92JtxEs87aSqQ62dIquTmxC1kO4+dc6edEt9RDWOfZ/+Fh\r\ngF/0wTX/4WGAX/TBNf/hYYBf9ME1SqohjxxO/Cb/4WGAX/TBNf/hYYBf9ME11GK7rhhzSLb/4WGA\r\nX/TBNahrkUumXdbRZcnqv+omv0dDvYsALMrE7S9Gnrua0DiI/+FhgF/0wTWNguoy3KlODv/hYYBf\r\n9ME1zr9xWO2XZTVKqiGPHE78Jv/hYYBf9ME19aI527v7hyOqoxc0R6Nv4BMnwIfHz+ZGQNRzx1io\r\nDQSz9pi8lgtkG//hYYBf9ME1LMaGOaCbmX3Zu9Yu4NXLbpCgZdlyEGV/5RrH6QxvD8jS1QzlvzTY\r\nPS9Gnrua0DiI/+FhgF/0wTWFxVMxs+B7WbIuOI5tVgofHfmHbInx7df/4WGAX/TBNf/hYYBf9ME1\r\n2Zoegg7aC1TPdibcRLPO2kqkOtnSKrk5sQtZDuPnXOnnRLfUQ1jn2f/hYYBf9ME1/+FhgF/0wTWN\r\nqc2kEnZX2P/hYYBf9ME1+AdKCazR3Uj/4WGAX/TBNYl5jOGwJ7Un1u5SyDGOjiWVpFUzNwuJeDNR\r\nU2LIaIThy4W/ujfcyoBytrw95cw2Ln8lrdSVbQZLlHkw9pAWb0bPYbx3HIsCSYRQueKMW5CIgZA5\r\n9iWRkoFhxNDOfX7CPKX5bVf8+MgTUNA/NG/0uxolh12BqtA2A+0iQutSpIFcQnMK4nU/Korv8FLh\r\nEWIC/QivMv49r0hX3qOUk0m49XuxrVeyVAXxxXYvuyM9tErQ2cnSADOt0ATbyGolJyugWpKYyqk5\r\nBLzOer5cP8oiEyFsDu7SvJpPhFALDDylScGY','SerialComm.java'),(3,'2','4','WZ6ROaPLwa5X/ay8fge/XYfWj63FH+NMaeQnyrwx2E43b8dFgSRdBrqReCGxyBiW/JtG0S2lxaY1\r\nEytxeQlL8OAMswTMs5XYdZeAgbSP47X/vflM6vHswytoN1jZWmiQiPpnCKHwZm2rD2f9lIWzdK97\r\n45ulcvSL+2+3PNW6b1aNJi1CHNVu7zdvx0WBJF0GzswMXTNyXlBK8cY9n3gxlOAMswTMs5XYPqNl\r\nriMDLRidz76kogpzvR5fW6Vm/HODqw9n/ZSFs3Sve+ObpXL0i+STkOk62qAE/aUDQ8R1mgRLrvhh\r\nMjEyO1T9OF/m7XVn8yvp4JJwSlMfltH3BOn/dotmT+7lQCM1upbG5dT9/1JmcNboaVgaEJGjiAn3\r\nemjEUCkXn3x7zbuweVbsSgz0OQ4q7e73szSGS674YTIxMjtU/Thf5u11ZwwYMRbsWrfnkaOICfd6\r\naMRQKReffHvNu8M3sb5TiZCsEo5EtquEDbRLrvhhMjEyO1T9OF/m7XVnP/MyutsrjlCuK5t3ad2/\r\nRJGjiAn3emjEUCkXn3x7zbu6ztC5F8Hm7D4azSxRW+PlkaOICfd6aMRQKReffHvNuzRGp/Mgcog3\r\nAqC0/5fLUzCPMECHJb03ZJGjiAn3emjEwcnB97hQu51lvF3wRyo326aJAx1JeUhB23sa/UqdWfzO\r\nxbK2O34AwSN2H5N6cfRpg0F5ULhLYYWIGNTFiDys2tJG9RroQGPch/QpzfO55JNnq80RRFYY5UzK\r\ns2/IhsuXU1rECycwfRhge5Ow7BsswzBJoFKBqx6fEcG/j1o7vJWoGEK0Wd5MMe0RbGMz7HX9EXQY\r\nfTuLpKoh/a02a/KZl+k/pkh5fhs9eqpe1+gec42oUxqsKXGIphN0Q7M3XunMAcRTmJt8tq7q4UOr\r\nKYtHmwdukhU8rRASsISc1UxRTiGGc+HyxuGSIi3V4/T8EdlBhn68T/Zjxk7cv6NKpjUJMUNDAh1n\r\nwF/pulvFuVsjc2kqFlmQcqONxgYeHaVJPLcNtRDOks/WjV78bVekTq3eGEWZsOyNTX/yYhzTNVw9\r\ni+/cv6NKpjUJMS1qw6vusld7ljThc/ffDCFTWsQLJzB9GCYy4K7JM2d04m9+LPV91891q7t93Dj9\r\nVJwfpmhk1JKd+yfppjtR6GDhBCsb8rT/j5FTBps2VNwVpM1Nqc9Xw+3NxxVio3+FJADXE/rOVgXT\r\nhAw51irD5uXZcHiARltymGXYDMLXM5tuN5cmN/qz33D5M79h6n956FL2gEI+Cv1p7aadX1BoYBNo\r\nvtdBkI9Jcd6HDJJqE0VwFv2ffJVRc1QfDJzctRv/VFoFkhtsq79VFsFPa0kJ39N8e6RCOb06lFH4\r\nDpbST/SjFb8kFoK2W1/TJFXBiXeh731zYz4Dm/EKh7wGU53PEobvN3Qo8CHH4jaMnNlNlRUNkxRD\r\n8raDsuJaBZIbbKu/VRbBT2tJCd/TaknC0FAe+alpp0H8sYCOyC1n8/fmUA71ZOrDFRpJlD0q1mPW\r\nEDD4U+T/j0nuS+szV1N/Yq7n6CiLZfzy9YnDJU4TfmUbAAi8fXNjPgOb8QqHvAZTnc8Shv7tM/Cl\r\n1UhMNoyc2U2VFQ3tEWxjM+x1/QYxH4BnNNMJutDiZcy0aHy7Acku2CqrZm03H+srnosUnw4bmziG\r\nyIHAefuHPHjHQ8XPQJ7kSpipkyxdULEzmmsWwU9rSQnf08d/39tv5m2U3ocMkmoTRXCF0P6u0tR+\r\nbW/Cb+p541FpWl5sYnacSmMmJCDUAMPG+TaCdJwiu05T0fhpD7amerH3XOKuQ8eo5myxAQnNjeWt\r\nc1R5CJ86swg3Un421fawhn0VCxillJe77aadX1BoYBP+fWYm0h+1auUg8RBG3Cuq8PilvYbkurN1\r\nJyU28YsZZW1WwiPd+87gByrQoUE8aZJ8I2tyewzcWGlReUoICQfOuaoRD1UzXekfyA5cznHgvjaM\r\nnNlNlRUN7I5o0N1rLBCKbUarOVkjCLTtRbsaTSh8mo6zYyKvgxFubaeTftYFwMKB7wBxap7BbAg4\r\nP/zLTiJpUXlKCAkHztM2MJL7vA3wnQW3ctJVc2D3uZNZPFomxjCoa5hR4GD2KRQ2F61LCEZl21mx\r\noYwgG60WlpfLy0NbuRVUAReNDeAd1ayGsPKuRvkzv2Hqf3no3j5lKRUhF0DbLDTymG7B5Z7wNLh2\r\nAYI/xp9/7vxyq60HKtChQTxpkv5NHhfsIGvoYA5U4Tm3Slovzca1YPsR/I8Cq0jHZNnJIA1e5Nh5\r\nesOcgUUVqoJrJipX3ztlbmM339S96Mojf+5Cff3TYG/YsZuM5YvXp4cpM4E9q/XI2veM55aOkH9C\r\nPdZVJLVMcBzPm4zli9enhykzgT2r9cja94znlo6Qf0I9N/mpm11F4zY4sqHNdZT6YHZbpyUnt3Xx\r\nbH9wqNPIIXXzL4hhjZrKhZe5OPjKjXHeWni4quNADKTXRm9Z/1p2WkJMubb16+Cccs+Q0Knh7Llo\r\nvtdBkI9JcaimWv/Na4W2XaKje9lrsWWrgvobR0RzFq4HsQK2RlbOutDiZcy0aHz9VgBIJa9GA6GL\r\nnvFG8j7SK0WKed4ia7+DpwXqNqO3LfLAOdbRz63T5bHwxGdPmFDhUMb1cGOx9PPrKUpGM9oclCaw\r\nuTsjdjVNi2xYNfW4NqqtyAs2J9HAqnW/hekUq3J95SeTc/QLjdH0vRimmf8xLRXaNGsBfvYDHyrT\r\nMI31lhyUcxcLKkpPqC3r+GNYe142D8E84naQdGtHEOLgIxUl7I5o0N1rLBDKnYDvIutWwS0V2jRr\r\nAX72Ax8q0zCN9ZbnTN4eXuDsPeVl2hB3TOrJfRULGKWUl7tfsLs/suBzi2g3vtBauZihHCZEjOWB\r\nwog/UILsr3LZPAqJBWxp9ehQYV16ZSL/BYBomY0fpI1+7s7QmRjoMBFQ9MkbBQhrrTfeO8+UUleZ\r\nyu53KEzfp3bANv9trbDrx/B9FQsYpZSXu1oCcKexj7JOuOUQEbh3mHwW/Z98lVFzVH0VCxillJe7\r\nWgJwp7GPsk7NSMwqQYRc2C2NXSNq9DZzLRXaNGsBfvZ0MNFKCBOKzKbekEIjan0HqC3r+GNYe142\r\nD8E84naQdGtHEOLgIxUlHwyc3LUb/1Re/SI6ZOwMyFZgp84JKWr10fjskvKPjHrXoGQOKb8uOh6D\r\nSoYWtMJzUfnYNeQHi7T3Mz9DcasXulQtJTKfe6ZHz2R1uWwGzILnqYXBynKcjM/Y8+AdZBeuVdkA\r\nwZw3vzKHCfYrd7ISIqBYK8gYAdLDTMeN6LvsHnCR+z7glSPyYvcBPQC7J/A3iKTeCVYHRZSlasVg\r\nSbBQDF1ZnqBxuKSAibAGSJXdKr2PNj/R82PBs9dUgt1BkvvP/CZ0lbMsFRCp2guYgt/80Tsk/pNc\r\n8Lao9xQ0+h3HrOS9xP89LnRKCB1cS3vXhFhDDCQdFzHkNDnRMuojRdKSkN80YMgD8KBzFFXvk1j5\r\nlebeIkmjG2i0xTd5cXNCxvfyK6zBSax6Gy7QVrXsokNY0Vx+AV+LPYE5/987Y6vVsTth75EucKiM\r\ngadfxsGgauaKudHSyVs+Dj4w8lqRhObWUaOhOibdRrJOi2Lawx3CHWakUFRP2JLrlhLf4PbAwN9Q\r\nqprbXy58hasiA/B0cP1QOz81/7I2NnnuPE4H1mt0jDmcCtbihbaKGVfx7IRAoQbWdNu8FyKugGiG\r\n3F1MSALiKjpFU/HmwnytSHk00e/AazF8sH82EewkesxisU1Y91v4UClA0pK3jVJEer7WBgXNVWXM\r\nJS+5Fjz0w6khFQR63kPz14SdCehB1cLf3ovCjaNYFPu4QHCPzjMss+lQyHOIjVYkQUHqm7NC3v46\r\nD6WZ6AZxKR0gz7eImP7cPq+87k0UwUaQrFVmToCfuS5pGJU1EVbeGUd+fmg06RYeNPP9OETwkjIg\r\nvHDc3YEWfJSgtP21+LTpOiYGyu3+iG/DKNO/k9FF2868fevLPyjP1eKp3GOqrcgLNifRwKp1v4Xp\r\nFKtyfeUnk3P0C43sCSn3BavyoJj5sD4LnAC75KxYr5T8ycw0knWq8hQNGsVmNsC7Q+raZa5vNN6t\r\nsAP756p84lfC2vPzcUSPqfFlpbtDJSxS2gW45dz+O3B3ItiFu0quEpyVyQwI1hM7HxL7LaCPVk3n\r\nCqqtyAs2J9HAfXNjPgOb8QrlpKJmJyb1LJODAMZ4aj1xE/lPe+4/eKqzepRu5u/9VIkPl9ahKmZW\r\nYatODt3iODR213PHjuBbtwXOG/jjcphDUC/h9uOXxzWIRw+gGzLwgGvtn1iLguck1Bdkx3vWZrzD\r\nD8k/3hP6keo51RN5MVOULWfz9+ZQDvUwwaeb/aZwjrm7/vtsjxemNJJ1qvIUDRp213PHjuBbt1fx\r\n7IRAoQbWdNu8FyKugGiu5Nn5Dg+4y+Ec2Js/C1xuSp5/rGPatjAS7PAUKJwO+7xIXKBOtenmWcav\r\n7TlM80RTr061+WvOSclY8V/WRYiqsKH9OKY4fdFCZqw3Hd6FPnSRihO4YgJhqcmKz5CGzkGrRUFt\r\nWq5Aiz6kzUma8jLbdtdzx47gW7d3c3zokEt1t3TQk8NjN2D19t6bWVXRzJ+wAH1rmXeKcYBCzLJt\r\n6ezAka3RbGovMce+RB2P71dFCeVl2hB3TOrJS/Tq73viCJKfGmeB3kMGJpXrOB4mFge9VIh2Akvf\r\nMeteg3yILteOzJ8aZ4HeQwYmXliQywOQKea45dcrZlx6plNyezob55iHmYXRjWmBLTSmwHkfRoSE\r\ndF9ojrDKV2+RzzEO4OgayT7IeE+EaIp1inBfrGQwhy8b3iJJoxtotMU3eXFzQsb38i1VmbQ7tEwW\r\nwYGtQZIM/IIiDonUu7b1eHqR+ZasClRlg4oXx6rGqbA5KH2yUb7GYVQDZe9a3oehHdQY45B0WzAd\r\n1BjjkHRbMNqCuAJF3qNyPYHOXsiG4JSgGItW2ZQs+LKC0C3RL+D6SaZQ9c74WHLH6/EkywLq6jFt\r\nBgFwDz2+QTqqueqZLfwlELunr6DHRbAHg9vpIhxnhu4ZCJWbxA35FhryacXGWcMuWDi6APrT+Zpx\r\n33Z3aHG2sMckAWQSq+929FRvf9w3','Login.java');
/*!40000 ALTER TABLE `cloud` ENABLE KEYS */;
UNLOCK TABLES;

--
-- Table structure for table `ltype`
--

DROP TABLE IF EXISTS `ltype`;
/*!40101 SET @saved_cs_client     = @@character_set_client */;
/*!40101 SET character_set_client = utf8 */;
CREATE TABLE `ltype` (
  `ltyid` int(11) NOT NULL AUTO_INCREMENT,
  `ltype` varchar(45) DEFAULT NULL,
  PRIMARY KEY (`ltyid`)
) ENGINE=InnoDB AUTO_INCREMENT=5 DEFAULT CHARSET=utf8;
/*!40101 SET character_set_client = @saved_cs_client */;

--
-- Dumping data for table `ltype`
--

LOCK TABLES `ltype` WRITE;
/*!40000 ALTER TABLE `ltype` DISABLE KEYS */;
INSERT INTO `ltype` VALUES (1,'BEER'),(2,'RUM'),(3,'WHISKY'),(4,'BRANDY');
/*!40000 ALTER TABLE `ltype` ENABLE KEYS */;
UNLOCK TABLES;

--
-- Table structure for table `outlet`
--

DROP TABLE IF EXISTS `outlet`;
/*!40101 SET @saved_cs_client     = @@character_set_client */;
/*!40101 SET character_set_client = utf8 */;
CREATE TABLE `outlet` (
  `id` int(20) NOT NULL AUTO_INCREMENT,
  `bevid` varchar(45) DEFAULT NULL,
  `place` varchar(20) NOT NULL,
  `village` varchar(50) NOT NULL,
  `taluk` varchar(100) NOT NULL,
  `district` varchar(100) NOT NULL,
  `phone` varchar(100) NOT NULL,
  `email` varchar(15) NOT NULL,
  `username` varchar(30) NOT NULL,
  `password` varchar(50) NOT NULL,
  PRIMARY KEY (`id`)
) ENGINE=InnoDB AUTO_INCREMENT=16 DEFAULT CHARSET=latin1;
/*!40101 SET character_set_client = @saved_cs_client */;

--
-- Dumping data for table `outlet`
--

LOCK TABLES `outlet` WRITE;
/*!40000 ALTER TABLE `outlet` DISABLE KEYS */;
INSERT INTO `outlet` VALUES (1,'BV90','Kazhakkuttam','Kazhakkuttam','chirayinkeezhu','Thiruvananthapuram','9745896523','9090807060','bv90','123'),(3,'BV80','Attingal','Attingal','Chirayinkeezhu','Thiruvananthapuram','8878965874','9090807060','bv80','123'),(4,'B56','Balaramapuram','Pallichal','Neyyattinkara','Thiruvananthapuram','49998697869','b56@gmail.com','b56','123'),(5,'B44','Neyyattinkara','Neyyattinkara','Neyyattinkara','Thiruvananthapuram','896521478','b44@gmail.com','b44','123'),(6,'BV20','Parassala','Parassala','Neyyattinakra','Thiruvananthapuram','569878965','bv20@gmail.com','bv20','123'),(7,'BV01','Thiruvananthapuram','Thiruvananthapuram','Thiruvananthapuram','Thiruvananthapuram','6989547896','bv01@gmail.com','bv01','123'),(14,'','','','','','','','',''),(15,'','','','','','','','','');
/*!40000 ALTER TABLE `outlet` ENABLE KEYS */;
UNLOCK TABLES;

--
-- Table structure for table `outletadmin`
--

DROP TABLE IF EXISTS `outletadmin`;
/*!40101 SET @saved_cs_client     = @@character_set_client */;
/*!40101 SET character_set_client = utf8 */;
CREATE TABLE `outletadmin` (
  `id` int(11) NOT NULL AUTO_INCREMENT,
  `bevid` varchar(45) DEFAULT NULL,
  `firstname` varchar(45) DEFAULT NULL,
  `lasname` varchar(45) DEFAULT NULL,
  `age` varchar(45) DEFAULT NULL,
  `gender` varchar(45) DEFAULT NULL,
  `place` varchar(45) DEFAULT NULL,
  `email` varchar(45) DEFAULT NULL,
  `password` varchar(45) DEFAULT NULL,
  PRIMARY KEY (`id`)
) ENGINE=InnoDB AUTO_INCREMENT=5 DEFAULT CHARSET=utf8;
/*!40101 SET character_set_client = @saved_cs_client */;

--
-- Dumping data for table `outletadmin`
--

LOCK TABLES `outletadmin` WRITE;
/*!40000 ALTER TABLE `outletadmin` DISABLE KEYS */;
INSERT INTO `outletadmin` VALUES (1,'3','ram','ram','30','male','tvm','ram@gmail.com','123'),(2,'4','sam','sam','29','male','tvm','sam@gmail.com','123'),(3,'1','tom','tom','28','male','tvm','tom','123'),(4,'5','kob','kob','27','male','tvm','kob','123');
/*!40000 ALTER TABLE `outletadmin` ENABLE KEYS */;
UNLOCK TABLES;

--
-- Table structure for table `outstock`
--

DROP TABLE IF EXISTS `outstock`;
/*!40101 SET @saved_cs_client     = @@character_set_client */;
/*!40101 SET character_set_client = utf8 */;
CREATE TABLE `outstock` (
  `outbrid` int(11) NOT NULL AUTO_INCREMENT,
  `oid` varchar(45) DEFAULT NULL,
  `ltyid` varchar(45) DEFAULT NULL,
  `brid` varchar(45) DEFAULT NULL,
  `quantity` varchar(45) DEFAULT NULL,
  `price` varchar(45) DEFAULT NULL,
  `count` varchar(45) DEFAULT NULL,
  PRIMARY KEY (`outbrid`)
) ENGINE=InnoDB AUTO_INCREMENT=30 DEFAULT CHARSET=utf8;
/*!40101 SET character_set_client = @saved_cs_client */;

--
-- Dumping data for table `outstock`
--

LOCK TABLES `outstock` WRITE;
/*!40000 ALTER TABLE `outstock` DISABLE KEYS */;
INSERT INTO `outstock` VALUES (1,'3','1','10','NAN','120','57'),(2,'3','1','11','NAN','150','19'),(3,'3','1','12','NAN','140','30'),(4,'3','1','13','NAN','150','8'),(5,'3','1','14','NAN','100','2'),(6,'3','2','1','750','300','476'),(7,'3','2','6','750','300','15'),(8,'3','2','7','750','250','-4'),(9,'3','2','8','750','500','38'),(10,'3','2','9','750','200','90'),(11,'3','2','1','375','300','476'),(12,'3','2','6','375','300','15'),(13,'3','2','7','375','250','-4'),(14,'3','2','8','375','500','38'),(15,'3','2','9','375','200','90'),(16,'3','2','1','180','300','476'),(17,'3','2','6','180','300','15'),(18,'3','2','7','180','250','-4'),(19,'3','2','8','180','500','38'),(20,'3','2','9','180','200','90'),(21,'3','3','15','750','250','8'),(22,'3','3','16','750','400','27'),(23,'3','3','17','750','300','9'),(24,'3','3','15','375','250','8'),(25,'3','3','16','375','400','60'),(26,'3','3','17','375','300','9'),(27,'3','3','15','180','250','8'),(28,'3','3','16','180','400','70'),(29,'3','3','17','180','300','9');
/*!40000 ALTER TABLE `outstock` ENABLE KEYS */;
UNLOCK TABLES;

--
-- Table structure for table `stock`
--

DROP TABLE IF EXISTS `stock`;
/*!40101 SET @saved_cs_client     = @@character_set_client */;
/*!40101 SET character_set_client = utf8 */;
CREATE TABLE `stock` (
  `brid` int(11) NOT NULL AUTO_INCREMENT,
  `type` varchar(45) DEFAULT NULL,
  `brand` varchar(45) DEFAULT NULL,
  `quantity` varchar(45) DEFAULT NULL,
  `price` varchar(45) DEFAULT NULL,
  `count` varchar(45) DEFAULT NULL,
  PRIMARY KEY (`brid`)
) ENGINE=InnoDB AUTO_INCREMENT=20 DEFAULT CHARSET=utf8;
/*!40101 SET character_set_client = @saved_cs_client */;

--
-- Dumping data for table `stock`
--

LOCK TABLES `stock` WRITE;
/*!40000 ALTER TABLE `stock` DISABLE KEYS */;
INSERT INTO `stock` VALUES (1,'2','JAI JAWAN XXX','750','300','400'),(2,'4','OLD ADMIRAL VSOP','750','500','2736'),(3,'4','RARE HONOUR PREM','750','600','2934'),(4,'4','BEJOIS PREMIUM','750','400','1821'),(5,'4','GALLO CLASC PRM','375','300','1398'),(6,'2','BAGPIPER DELUXE XXX','750','300','70'),(7,'2','JAMAICAN MAGIC','375','250','750'),(8,'2','RARE HONOUR PREM','750','500','885'),(9,'2','OASIS CLASSIC','375','200','1894'),(10,'1','BRITI EMP ULT PRM','750','120','2770'),(11,'1','KINGFISHER DLX STG','750','150','1960'),(12,'1','KINGFISHER ULT LGR','750','140','1440'),(13,'1','STERREN 7 STRONG','750','150','3450'),(14,'1','ZINGARO PREM STG','750','100','3695'),(15,'3','ROYAL CHNG SEL PRM','750','250','-412'),(16,'3','BAGPIPER GOLD PREM','750','400','3715'),(17,'3','OFFICERS CHOICE PRSG','375','300','2230'),(19,'--SELECT--','','','','');
/*!40000 ALTER TABLE `stock` ENABLE KEYS */;
UNLOCK TABLES;

--
-- Table structure for table `transaction`
--

DROP TABLE IF EXISTS `transaction`;
/*!40101 SET @saved_cs_client     = @@character_set_client */;
/*!40101 SET character_set_client = utf8 */;
CREATE TABLE `transaction` (
  `uid` int(11) NOT NULL,
  `trans` varchar(45) DEFAULT NULL,
  PRIMARY KEY (`uid`)
) ENGINE=InnoDB DEFAULT CHARSET=utf8;
/*!40101 SET character_set_client = @saved_cs_client */;

--
-- Dumping data for table `transaction`
--

LOCK TABLES `transaction` WRITE;
/*!40000 ALTER TABLE `transaction` DISABLE KEYS */;
INSERT INTO `transaction` VALUES (1,'4'),(2,'0'),(3,'0'),(4,'0'),(5,'0');
/*!40000 ALTER TABLE `transaction` ENABLE KEYS */;
UNLOCK TABLES;

--
-- Table structure for table `user`
--

DROP TABLE IF EXISTS `user`;
/*!40101 SET @saved_cs_client     = @@character_set_client */;
/*!40101 SET character_set_client = utf8 */;
CREATE TABLE `user` (
  `uid` int(11) NOT NULL AUTO_INCREMENT,
  `bid` varchar(45) DEFAULT NULL,
  `firstname` varchar(45) DEFAULT NULL,
  `lastname` varchar(45) DEFAULT NULL,
  `age` varchar(45) DEFAULT NULL,
  `gender` varchar(45) DEFAULT NULL,
  `address` varchar(45) DEFAULT NULL,
  `phone` varchar(45) DEFAULT NULL,
  PRIMARY KEY (`uid`)
) ENGINE=InnoDB AUTO_INCREMENT=6 DEFAULT CHARSET=utf8;
/*!40101 SET character_set_client = @saved_cs_client */;

--
-- Dumping data for table `user`
--

LOCK TABLES `user` WRITE;
/*!40000 ALTER TABLE `user` DISABLE KEYS */;
INSERT INTO `user` VALUES (1,'4','siju','daniel','34','MALE','Balaramapuram\r\nKerala','09544475582'),(2,'4','Bob','beeb','33','MALE','Balaramapuram,Kerala','+919544475582'),(3,'4','kob','keeb','25','MALE','Balaramapuram,Kerala','+9198954789632'),(4,'4','ben','ben','24','MALE','Thiruvananthapuram\r\nKerala','8523698541'),(5,'4','mob','mab','28','MALE','Thiruvananthapuram\r\nKerala','9985632500');
/*!40000 ALTER TABLE `user` ENABLE KEYS */;
UNLOCK TABLES;
/*!40103 SET TIME_ZONE=@OLD_TIME_ZONE */;

/*!40101 SET SQL_MODE=@OLD_SQL_MODE */;
/*!40014 SET FOREIGN_KEY_CHECKS=@OLD_FOREIGN_KEY_CHECKS */;
/*!40014 SET UNIQUE_CHECKS=@OLD_UNIQUE_CHECKS */;
/*!40101 SET CHARACTER_SET_CLIENT=@OLD_CHARACTER_SET_CLIENT */;
/*!40101 SET CHARACTER_SET_RESULTS=@OLD_CHARACTER_SET_RESULTS */;
/*!40101 SET COLLATION_CONNECTION=@OLD_COLLATION_CONNECTION */;
/*!40111 SET SQL_NOTES=@OLD_SQL_NOTES */;

-- Dump completed on 2019-05-05 19:45:43
